BEGIN TRANSACTION;
CREATE TABLE IF NOT EXISTS "users"
(
    "id"                 integer NOT NULL PRIMARY KEY AUTOINCREMENT,
    "first_name"         varchar,
    "last_name"          varchar,
    "email"              varchar,
    "accepted_terms_at"  varchar,
    "admin"              boolean,
    "encrypted_password" varchar
);
CREATE TABLE IF NOT EXISTS "classrooms"
(
    "id"      integer NOT NULL PRIMARY KEY AUTOINCREMENT,
    "name"    varchar,
    "user_id" integer NOT NULL,
    CONSTRAINT "fk_classroom_user" FOREIGN KEY ("user_id") REFERENCES "users" ("id")
);
CREATE INDEX "index_classrooms_on_user_id" ON "classrooms" ("user_id");
CREATE TABLE IF NOT EXISTS "students"
(
    "id"   integer NOT NULL PRIMARY KEY AUTOINCREMENT,
    "name" varchar
);
CREATE TABLE IF NOT EXISTS "registrations"
(
    "id"           integer NOT NULL PRIMARY KEY AUTOINCREMENT,
    "classroom_id" integer NOT NULL,
    "student_id"   integer NOT NULL,
    CONSTRAINT "fk_registration_classroom" FOREIGN KEY ("classroom_id") REFERENCES "classrooms" ("id"),
    CONSTRAINT "fk_registration_student" FOREIGN KEY ("student_id") REFERENCES "students" ("id")
);
CREATE INDEX "index_registrations_on_classroom_id" ON "registrations" ("classroom_id");
CREATE INDEX "index_registrations_on_student_id" ON "registrations" ("student_id");
CREATE TABLE IF NOT EXISTS "activities"
(
    "id"           integer NOT NULL PRIMARY KEY AUTOINCREMENT,
    "name"         varchar,
    "created_at"   text,
    "user_id"      integer NOT NULL,
    "classroom_id" integer,
    CONSTRAINT "fk_activity_user" FOREIGN KEY ("user_id") REFERENCES "users" ("id"),
    CONSTRAINT "fk_activity_classroom" FOREIGN KEY ("classroom_id") REFERENCES "classrooms" ("id")
);
CREATE INDEX "index_activities_on_user_id" ON "activities" ("user_id");
CREATE INDEX "index_activities_on_classroom_id" ON "activities" ("classroom_id");
CREATE TABLE IF NOT EXISTS "criteria"
(
    "id"          integer NOT NULL PRIMARY KEY AUTOINCREMENT,
    "year"        integer,
    "mec_code"    varchar,
    "subject"     varchar,
    "description" varchar
);
CREATE TABLE IF NOT EXISTS "questions"
(
    "id"                integer NOT NULL PRIMARY KEY AUTOINCREMENT,
    "content"           varchar NOT NULL,
    "activity_id"       integer NOT NULL,
    "criterium_id"      integer NOT NULL,
    "max_grade_percent" integer,
    CONSTRAINT "fk_question_activity" FOREIGN KEY ("activity_id") REFERENCES "activities" ("id"),
    CONSTRAINT "fk_question_criterium" FOREIGN KEY ("criterium_id") REFERENCES "criteria" ("id")
);
CREATE INDEX "index_questions_on_activity_id" ON "questions" ("activity_id");
CREATE INDEX "index_questions_on_criterium_id" ON "questions" ("criterium_id");
CREATE TABLE IF NOT EXISTS "grades"
(
    "id"            integer NOT NULL PRIMARY KEY AUTOINCREMENT,
    "question_id"   integer NOT NULL,
    "student_id"    integer NOT NULL,
    "grade_percent" integer,
    CONSTRAINT "fk_grade_question" FOREIGN KEY ("question_id") REFERENCES "questions" ("id"),
    CONSTRAINT "fk_grade_student" FOREIGN KEY ("student_id") REFERENCES "students" ("id")
);
CREATE INDEX "index_grades_on_question_id" ON "grades" ("question_id");
CREATE INDEX "index_grades_on_student_id" ON "grades" ("student_id");

-- User EmaiL: global@example.com, Password: password
INSERT INTO users (id, first_name, last_name, email, accepted_terms_at, admin, encrypted_password) VALUES (1, 'Angelita', 'Silva', 'global@example.com', 0, true, '5e884898da28047151d0e56f8dc6292773603d0d6aabbdd62a11ef721d1542d8');

-- Classroom
INSERT INTO classrooms (id, name, user_id) VALUES (1, 'Português da Angelita', 1);
INSERT INTO classrooms (id, name, user_id) VALUES (2, 'Matemática da Angelita', 1);

-- Student
INSERT INTO students (id, name) VALUES (1, 'Joãozinho');
INSERT INTO students (id, name) VALUES (2, 'Mariazinha');
INSERT INTO students (id, name) VALUES (3, 'Pedrinho');
INSERT INTO students (id, name) VALUES (4, 'Jerson');
INSERT INTO students (id, name) VALUES (5, 'Sueles');
INSERT INTO students (id, name) VALUES (6, 'Alberto');
INSERT INTO students (id, name) VALUES (7, 'Gerônimo');
INSERT INTO students (id, name) VALUES (8, 'Júlia');
INSERT INTO students (id, name) VALUES (9, 'Bruna');

-- Registration
INSERT INTO registrations (id, classroom_id, student_id) VALUES (1, 1, 1);
INSERT INTO registrations (id, classroom_id, student_id) VALUES (2, 1, 2);
INSERT INTO registrations (id, classroom_id, student_id) VALUES (3, 1, 3);
INSERT INTO registrations (id, classroom_id, student_id) VALUES (4, 2, 4);
INSERT INTO registrations (id, classroom_id, student_id) VALUES (5, 2, 5);
INSERT INTO registrations (id, classroom_id, student_id) VALUES (6, 2, 6);
INSERT INTO registrations (id, classroom_id, student_id) VALUES (7, 2, 7);
INSERT INTO registrations (id, classroom_id, student_id) VALUES (8, 2, 8);
INSERT INTO registrations (id, classroom_id, student_id) VALUES (9, 2, 9);

-- Activities
INSERT INTO activities (id, name, created_at, user_id, classroom_id) VALUES (1, 'Prova 1', '2023-05-18 09:48:53', 1, 1);
INSERT INTO activities (id, name, created_at, user_id, classroom_id) VALUES (2, 'Prova 2', '2023-05-19 13:32:24', 1, 2);

-- Criteria
INSERT INTO criteria (id, year, mec_code, subject, description) VALUES (1, 6, 'EF06MA01', 'Matemática', 'Escrita, leitura e comparação de números decimais');
INSERT INTO criteria (id, year, mec_code, subject, description) VALUES (2, 6, 'EF06MA02', 'Matemática', 'Numeração decimal e suas propriedades');
INSERT INTO criteria (id, year, mec_code, subject, description) VALUES (3, 6, 'EF06MA03', 'Matemática', 'Operações com números naturais');
INSERT INTO criteria (id, year, mec_code, subject, description) VALUES (4, 6, 'EF06MA33', 'Matemática', 'Coleta, organização e registro de dados; representação gráfica');
INSERT INTO criteria (id, year, mec_code, subject, description) VALUES (5, 6, 'EF06MA06', 'Matemática', 'Múltiplos e divisores');
INSERT INTO criteria (id, year, mec_code, subject, description) VALUES (6, 6, 'EF06MA07', 'Matemática', 'Frações e suas propriedades');
INSERT INTO criteria (id, year, mec_code, subject, description) VALUES (7, 6, 'EF06MA08', 'Matemática', 'Relação entre fração e decimal');
INSERT INTO criteria (id, year, mec_code, subject, description) VALUES (8, 6, 'EF06MA09', 'Matemática', 'Operações com frações com resultado natural');
INSERT INTO criteria (id, year, mec_code, subject, description) VALUES (9, 6, 'EF06MA10', 'Matemática', 'Operações com frações');
INSERT INTO criteria (id, year, mec_code, subject, description) VALUES (10, 6, 'EF06MA11', 'Matemática', 'Operações com números racionais');
INSERT INTO criteria (id, year, mec_code, subject, description) VALUES (11, 6, 'EF06MA12', 'Matemática', 'Aproximação de números para múltiplos de potências de 10');
INSERT INTO criteria (id, year, mec_code, subject, description) VALUES (12, 6, 'EF06MA13', 'Matemática', 'Porcentagens (sem uso da "regra de três")');
INSERT INTO criteria (id, year, mec_code, subject, description) VALUES (13, 6, 'EF06MA14', 'Matemática', 'Propriedades da igualdade');
INSERT INTO criteria (id, year, mec_code, subject, description) VALUES (14, 6, 'EF06MA15', 'Matemática', 'Partição de um todo em duas partes desiguais');
INSERT INTO criteria (id, year, mec_code, subject, description) VALUES (15, 6, 'EF06MA16', 'Matemática', 'Vértices de um polígono no plano cartesiano');
INSERT INTO criteria (id, year, mec_code, subject, description) VALUES (16, 6, 'EF06MA17', 'Matemática', 'Prismas e pirâmides e suas propriedades');
INSERT INTO criteria (id, year, mec_code, subject, description) VALUES (17, 6, 'EF06MA18', 'Matemática', 'Classificações de polígonos');
INSERT INTO criteria (id, year, mec_code, subject, description) VALUES (18, 6, 'EF06MA20', 'Matemática', 'Quadriláteros e suas propriedades');
INSERT INTO criteria (id, year, mec_code, subject, description) VALUES (19, 6, 'EF06MA21', 'Matemática', 'Construção de figuras semelhantes ');
INSERT INTO criteria (id, year, mec_code, subject, description) VALUES (20, 6, 'EF06MA22', 'Matemática', 'Uso de ferramentas na construção de retas');
INSERT INTO criteria (id, year, mec_code, subject, description) VALUES (21, 6, 'EF06MA23', 'Matemática', 'Geometria: resolução de situações passo a passo');
INSERT INTO criteria (id, year, mec_code, subject, description) VALUES (22, 6, 'EF06MA24', 'Matemática', 'Problemas com grandezas e medidas');
INSERT INTO criteria (id, year, mec_code, subject, description) VALUES (23, 6, 'EF06MA34', 'Matemática', 'Fluxogramas simples');
INSERT INTO criteria (id, year, mec_code, subject, description) VALUES (24, 6, 'EF06MA25', 'Matemática', 'Noção de ângulo como grandeza');
INSERT INTO criteria (id, year, mec_code, subject, description) VALUES (25, 6, 'EF06MA26', 'Matemática', 'Problemas com noção de ângulo');
INSERT INTO criteria (id, year, mec_code, subject, description) VALUES (26, 6, 'EF06MA27', 'Matemática', 'Determinar abertura de ângulos com ferramentas');
INSERT INTO criteria (id, year, mec_code, subject, description) VALUES (27, 6, 'EF06MA28', 'Matemática', 'Plantas baixas e vistas aéreas');
INSERT INTO criteria (id, year, mec_code, subject, description) VALUES (28, 6, 'EF06MA29', 'Matemática', 'Perímetro e área de quadrados');
INSERT INTO criteria (id, year, mec_code, subject, description) VALUES (29, 6, 'EF06MA30', 'Matemática', 'Probabilidade e suas propriedades');
INSERT INTO criteria (id, year, mec_code, subject, description) VALUES (30, 6, 'EF06MA31', 'Matemática', 'Gráficos, tabelas e seus elementos');
INSERT INTO criteria (id, year, mec_code, subject, description) VALUES (31, 6, 'EF06MA32', 'Matemática', 'Problemas com dados de gráficos e tabelas');
INSERT INTO criteria (id, year, mec_code, subject, description) VALUES (32, 7, 'EF07MA01', 'Matemática', 'Problemas com múltiplos e divisores');
INSERT INTO criteria (id, year, mec_code, subject, description) VALUES (33, 7, 'EF07MA02', 'Matemática', 'Problemas com porcentagens');
INSERT INTO criteria (id, year, mec_code, subject, description) VALUES (34, 7, 'EF07MA03', 'Matemática', 'Números inteiros e suas propriedades');
INSERT INTO criteria (id, year, mec_code, subject, description) VALUES (35, 7, 'EF07MA04', 'Matemática', 'Operações com números inteiros');
INSERT INTO criteria (id, year, mec_code, subject, description) VALUES (36, 7, 'EF07MA05', 'Matemática', 'Resolução de problemas com diferentes algoritmos');
INSERT INTO criteria (id, year, mec_code, subject, description) VALUES (37, 7, 'EF07MA06', 'Matemática', 'Estruturas comuns de problemas e soluções');
INSERT INTO criteria (id, year, mec_code, subject, description) VALUES (38, 7, 'EF07MA07', 'Matemática', 'Representação de soluções por fluxograma');
INSERT INTO criteria (id, year, mec_code, subject, description) VALUES (39, 7, 'EF07MA08', 'Matemática', 'Fração e seus significados');
INSERT INTO criteria (id, year, mec_code, subject, description) VALUES (40, 7, 'EF07MA09', 'Matemática', 'Problemas com fração e razão');
INSERT INTO criteria (id, year, mec_code, subject, description) VALUES (41, 7, 'EF07MA10', 'Matemática', 'Comparar e ordenar números racionais');
INSERT INTO criteria (id, year, mec_code, subject, description) VALUES (42, 7, 'EF07MA11', 'Matemática', 'Divisão e multiplicação de números racionais');
INSERT INTO criteria (id, year, mec_code, subject, description) VALUES (43, 7, 'EF07MA12', 'Matemática', 'Problemas com operações entre números racionais');
INSERT INTO criteria (id, year, mec_code, subject, description) VALUES (44, 7, 'EF07MA13', 'Matemática', 'Noção de variável');
INSERT INTO criteria (id, year, mec_code, subject, description) VALUES (45, 7, 'EF07MA14', 'Matemática', 'Recursividade de sequências');
INSERT INTO criteria (id, year, mec_code, subject, description) VALUES (46, 7, 'EF07MA15', 'Matemática', 'Simbologia algébrica de sequências numéricas');
INSERT INTO criteria (id, year, mec_code, subject, description) VALUES (47, 7, 'EF07MA16', 'Matemática', 'Regularidade de sequências numéricas');
INSERT INTO criteria (id, year, mec_code, subject, description) VALUES (48, 7, 'EF07MA17', 'Matemática', 'Problemas com proporcionalidade entre grandezas');
INSERT INTO criteria (id, year, mec_code, subject, description) VALUES (49, 7, 'EF07MA18', 'Matemática', 'Equações polinomiais do 1º grau');
INSERT INTO criteria (id, year, mec_code, subject, description) VALUES (50, 7, 'EF07MA19', 'Matemática', 'Transformações geométricas de polígonos no plano cartesiano');
INSERT INTO criteria (id, year, mec_code, subject, description) VALUES (51, 7, 'EF07MA20', 'Matemática', 'Simetria em relação a eixos e origem no plano cartesiano');
INSERT INTO criteria (id, year, mec_code, subject, description) VALUES (52, 7, 'EF07MA21', 'Matemática', 'Simetrias de translação, rotação e reflexão');
INSERT INTO criteria (id, year, mec_code, subject, description) VALUES (53, 7, 'EF07MA22', 'Matemática', 'Circunferência como lugar geométrico');
INSERT INTO criteria (id, year, mec_code, subject, description) VALUES (54, 7, 'EF07MA23', 'Matemática', 'Ângulos e retas paralelas cortadas por uma transversal');
INSERT INTO criteria (id, year, mec_code, subject, description) VALUES (55, 7, 'EF07MA24', 'Matemática', 'Construção de triângulos e suas condições');
INSERT INTO criteria (id, year, mec_code, subject, description) VALUES (56, 7, 'EF07MA25', 'Matemática', 'Aplicações práticas de triângulos');
INSERT INTO criteria (id, year, mec_code, subject, description) VALUES (57, 7, 'EF07MA26', 'Matemática', 'Construção de triângulo qualquer');
INSERT INTO criteria (id, year, mec_code, subject, description) VALUES (58, 7, 'EF07MA27', 'Matemática', 'Ângulos internos e externos de polígonos');
INSERT INTO criteria (id, year, mec_code, subject, description) VALUES (59, 7, 'EF07MA28', 'Matemática', 'Construção de polígono regular qualquer');
INSERT INTO criteria (id, year, mec_code, subject, description) VALUES (60, 7, 'EF07MA29', 'Matemática', 'Problemas envolvendo medições');
INSERT INTO criteria (id, year, mec_code, subject, description) VALUES (61, 7, 'EF07MA30', 'Matemática', 'Volume de blocos retangulares');
INSERT INTO criteria (id, year, mec_code, subject, description) VALUES (62, 7, 'EF07MA31', 'Matemática', 'Áreas de figuras planas e suas equivalências');
INSERT INTO criteria (id, year, mec_code, subject, description) VALUES (63, 8, 'EF08MA01', 'Matemática', 'Notação científica');
INSERT INTO criteria (id, year, mec_code, subject, description) VALUES (64, 8, 'EF08MA02', 'Matemática', 'Relação entre potência e raiz');
INSERT INTO criteria (id, year, mec_code, subject, description) VALUES (65, 8, 'EF08MA03', 'Matemática', 'Princípio multiplicativo da contagem');
INSERT INTO criteria (id, year, mec_code, subject, description) VALUES (66, 8, 'EF08MA04', 'Matemática', 'Porcentagens');
INSERT INTO criteria (id, year, mec_code, subject, description) VALUES (67, 8, 'EF08MA05', 'Matemática', 'Dízimas periódicas: fração geratriz');
INSERT INTO criteria (id, year, mec_code, subject, description) VALUES (68, 8, 'EF08MA06', 'Matemática', 'Valor numérico de expressões algébricas');
INSERT INTO criteria (id, year, mec_code, subject, description) VALUES (69, 8, 'EF08MA07', 'Matemática', 'Equação linear de 1º grau no plano cartesiano');
INSERT INTO criteria (id, year, mec_code, subject, description) VALUES (70, 8, 'EF08MA08', 'Matemática', 'Resolução e representação de equações polinomiais de 1º grau');
INSERT INTO criteria (id, year, mec_code, subject, description) VALUES (71, 8, 'EF08MA09', 'Matemática', 'Equação polinomial de 2º grau do tipo ax² = b');
INSERT INTO criteria (id, year, mec_code, subject, description) VALUES (72, 8, 'EF08MA10', 'Matemática', 'Regularidade de sequências não recursivas');
INSERT INTO criteria (id, year, mec_code, subject, description) VALUES (73, 8, 'EF08MA11', 'Matemática', 'Regularidade de sequências recursivas');
INSERT INTO criteria (id, year, mec_code, subject, description) VALUES (74, 8, 'EF08MA12', 'Matemática', 'Variação de grandezas');
INSERT INTO criteria (id, year, mec_code, subject, description) VALUES (75, 8, 'EF08MA13', 'Matemática', 'Problemas com variação de grandezas');
INSERT INTO criteria (id, year, mec_code, subject, description) VALUES (76, 8, 'EF08MA14', 'Matemática', 'Quadriláteros e a congruência de triângulos');
INSERT INTO criteria (id, year, mec_code, subject, description) VALUES (77, 8, 'EF08MA15', 'Matemática', 'Construções geométricas');
INSERT INTO criteria (id, year, mec_code, subject, description) VALUES (78, 8, 'EF08MA16', 'Matemática', 'Construção de hexágono regular qualquer');
INSERT INTO criteria (id, year, mec_code, subject, description) VALUES (79, 8, 'EF08MA17', 'Matemática', 'Mediatriz e bissetriz');
INSERT INTO criteria (id, year, mec_code, subject, description) VALUES (80, 8, 'EF08MA18', 'Matemática', 'Transformações geométricas nas figuras');
INSERT INTO criteria (id, year, mec_code, subject, description) VALUES (81, 8, 'EF08MA19', 'Matemática', 'Problemas com áreas de figuras geométricas');
INSERT INTO criteria (id, year, mec_code, subject, description) VALUES (82, 8, 'EF08MA20', 'Matemática', 'Medidas de capacidade de recipientes');
INSERT INTO criteria (id, year, mec_code, subject, description) VALUES (83, 8, 'EF08MA21', 'Matemática', 'Volume de blocos retangulares');
INSERT INTO criteria (id, year, mec_code, subject, description) VALUES (84, 8, 'EF08MA22', 'Matemática', 'Probabilidade e suas propriedades');
INSERT INTO criteria (id, year, mec_code, subject, description) VALUES (85, 8, 'EF08MA23', 'Matemática', 'Tipos de gráficos');
INSERT INTO criteria (id, year, mec_code, subject, description) VALUES (86, 8, 'EF08MA24', 'Matemática', 'Variáveis contínuas e classes');
INSERT INTO criteria (id, year, mec_code, subject, description) VALUES (87, 9, 'EF09MA01', 'Matemática', 'Comprimentos expressos por números reais');
INSERT INTO criteria (id, year, mec_code, subject, description) VALUES (88, 9, 'EF09MA02', 'Matemática', 'Números irracionais');
INSERT INTO criteria (id, year, mec_code, subject, description) VALUES (89, 9, 'EF09MA03', 'Matemática', 'Cálculos com números reais');
INSERT INTO criteria (id, year, mec_code, subject, description) VALUES (90, 9, 'EF09MA04', 'Matemática', 'Problemas com operações entre números reais');
INSERT INTO criteria (id, year, mec_code, subject, description) VALUES (91, 9, 'EF09MA05', 'Matemática', 'Percentuais sucessivos e taxas');
INSERT INTO criteria (id, year, mec_code, subject, description) VALUES (92, 9, 'EF09MA06', 'Matemática', 'Noção de funções algébricas');
INSERT INTO criteria (id, year, mec_code, subject, description) VALUES (93, 9, 'EF09MA07', 'Matemática', 'Razão entre grandezas de espécies diferentes');
INSERT INTO criteria (id, year, mec_code, subject, description) VALUES (94, 9, 'EF09MA08', 'Matemática', 'Proporcionalidade entre grandezas');
INSERT INTO criteria (id, year, mec_code, subject, description) VALUES (95, 9, 'EF09MA09', 'Matemática', 'Fatoração e produtos notáveis');
INSERT INTO criteria (id, year, mec_code, subject, description) VALUES (96, 9, 'EF09MA10', 'Matemática', 'Ângulos e retas paralelas cortadas por uma transversal');
INSERT INTO criteria (id, year, mec_code, subject, description) VALUES (97, 9, 'EF09MA11', 'Matemática', 'Arcos e ângulos na circunferência');
INSERT INTO criteria (id, year, mec_code, subject, description) VALUES (98, 9, 'EF09MA12', 'Matemática', 'Semelhança de triângulos');
INSERT INTO criteria (id, year, mec_code, subject, description) VALUES (99, 9, 'EF09MA13', 'Matemática', 'Relações métricas no triângulo retângulo');
INSERT INTO criteria (id, year, mec_code, subject, description) VALUES (100, 9, 'EF09MA14', 'Matemática', 'Teorema de Pitágoras e proporcionalidades');
INSERT INTO criteria (id, year, mec_code, subject, description) VALUES (101, 9, 'EF09MA15', 'Matemática', 'Construção de polígonos regulares');
INSERT INTO criteria (id, year, mec_code, subject, description) VALUES (102, 9, 'EF09MA16', 'Matemática', 'Distância entre pontos no plano cartesiano');
INSERT INTO criteria (id, year, mec_code, subject, description) VALUES (103, 9, 'EF09MA17', 'Matemática', 'Vistas ortogonais de figuras espaciais');
INSERT INTO criteria (id, year, mec_code, subject, description) VALUES (104, 9, 'EF09MA18', 'Matemática', 'Unidades de medidas muito grandes, pequenas ou computacionais');
INSERT INTO criteria (id, year, mec_code, subject, description) VALUES (105, 9, 'EF09MA19', 'Matemática', 'Volume de prismas e cilindros');
INSERT INTO criteria (id, year, mec_code, subject, description) VALUES (106, 9, 'EF09MA20', 'Matemática', 'Probabilidade: eventos dependentes e independentes');
INSERT INTO criteria (id, year, mec_code, subject, description) VALUES (107, 9, 'EF09MA21', 'Matemática', 'Gráficos divulgados pela mídia e seus elementos');
INSERT INTO criteria (id, year, mec_code, subject, description) VALUES (108, 9, 'EF09MA22', 'Matemática', 'Representação gráfica de dados');
INSERT INTO criteria (id, year, mec_code, subject, description) VALUES (109, 6, 'EF06LI01', 'Inglês', 'Iniciativa oral de interação');
INSERT INTO criteria (id, year, mec_code, subject, description) VALUES (110, 6, 'EF06LI02', 'Inglês', 'Capacidade de troca de informações');
INSERT INTO criteria (id, year, mec_code, subject, description) VALUES (111, 6, 'EF06LI03', 'Inglês', 'Tirar dúvidas em Inglês');
INSERT INTO criteria (id, year, mec_code, subject, description) VALUES (112, 6, 'EF06LI04', 'Inglês', 'Compreensão de textos orais');
INSERT INTO criteria (id, year, mec_code, subject, description) VALUES (113, 6, 'EF06LI05', 'Inglês', 'Produção de texto oral sobre si ou o outro');
INSERT INTO criteria (id, year, mec_code, subject, description) VALUES (114, 6, 'EF06LI06', 'Inglês', 'Produção de texto oral sobre família ou comunidade');
INSERT INTO criteria (id, year, mec_code, subject, description) VALUES (115, 6, 'EF06LI07', 'Inglês', 'Reconhecer finalidade de um texto');
INSERT INTO criteria (id, year, mec_code, subject, description) VALUES (116, 6, 'EF06LI08', 'Inglês', 'Identificar o assunto de um texto');
INSERT INTO criteria (id, year, mec_code, subject, description) VALUES (117, 6, 'EF06LI09', 'Inglês', 'Localizar informações específicas em texto');
INSERT INTO criteria (id, year, mec_code, subject, description) VALUES (118, 6, 'EF06LI10', 'Inglês', 'Organização de um dicionário bilíngue');
INSERT INTO criteria (id, year, mec_code, subject, description) VALUES (119, 6, 'EF06LI11', 'Inglês', 'Construção de repertório lexical');
INSERT INTO criteria (id, year, mec_code, subject, description) VALUES (120, 6, 'EF06LI12', 'Inglês', 'Partilha de leitura');
INSERT INTO criteria (id, year, mec_code, subject, description) VALUES (121, 6, 'EF06LI13', 'Inglês', 'Planejamento do texto: brainstorming');
INSERT INTO criteria (id, year, mec_code, subject, description) VALUES (122, 6, 'EF06LI14', 'Inglês', 'Organização de ideias para texto');
INSERT INTO criteria (id, year, mec_code, subject, description) VALUES (123, 6, 'EF06LI15', 'Inglês', 'Produção textual em formatos diversos');
INSERT INTO criteria (id, year, mec_code, subject, description) VALUES (124, 6, 'EF06LI16', 'Inglês', 'Repertório lexical sobre convívio em sala de aula');
INSERT INTO criteria (id, year, mec_code, subject, description) VALUES (125, 6, 'EF06LI17', 'Inglês', 'Repertório lexical sobre temas familiares');
INSERT INTO criteria (id, year, mec_code, subject, description) VALUES (126, 6, 'EF06LI18', 'Inglês', 'Reconhecer aspectos da pronúncia');
INSERT INTO criteria (id, year, mec_code, subject, description) VALUES (127, 6, 'EF06LI19', 'Inglês', 'Presente simples');
INSERT INTO criteria (id, year, mec_code, subject, description) VALUES (128, 6, 'EF06LI20', 'Inglês', 'Presente contínuo');
INSERT INTO criteria (id, year, mec_code, subject, description) VALUES (129, 6, 'EF06LI21', 'Inglês', 'Imperativo');
INSERT INTO criteria (id, year, mec_code, subject, description) VALUES (130, 6, 'EF06LI22', 'Inglês', 'Caso genitivo');
INSERT INTO criteria (id, year, mec_code, subject, description) VALUES (131, 6, 'EF06LI23', 'Inglês', 'Adjetivos possessivos');
INSERT INTO criteria (id, year, mec_code, subject, description) VALUES (132, 6, 'EF06LI24', 'Inglês', 'Presença da língua inglesa no mundo');
INSERT INTO criteria (id, year, mec_code, subject, description) VALUES (133, 6, 'EF06LI25', 'Inglês', 'Presença da língua inglesa no Brasil');
INSERT INTO criteria (id, year, mec_code, subject, description) VALUES (134, 6, 'EF06LI26', 'Inglês', 'Absorção de cultura estrangeira no Brasil');
INSERT INTO criteria (id, year, mec_code, subject, description) VALUES (135, 7, 'EF07LI01', 'Inglês', 'Interação em sala de aula');
INSERT INTO criteria (id, year, mec_code, subject, description) VALUES (136, 7, 'EF07LI02', 'Inglês', 'Práticas investigativas');
INSERT INTO criteria (id, year, mec_code, subject, description) VALUES (137, 7, 'EF07LI03', 'Inglês', 'Mobilização de conhecimento prévio');
INSERT INTO criteria (id, year, mec_code, subject, description) VALUES (138, 7, 'EF07LI04', 'Inglês', 'Identificação dos elementos de textos orais');
INSERT INTO criteria (id, year, mec_code, subject, description) VALUES (139, 7, 'EF07LI05', 'Inglês', 'Produção de narrativas ou descrições orais');
INSERT INTO criteria (id, year, mec_code, subject, description) VALUES (140, 7, 'EF07LI06', 'Inglês', 'Identificar o sentido global de textos por leitura rápida');
INSERT INTO criteria (id, year, mec_code, subject, description) VALUES (141, 7, 'EF07LI07', 'Inglês', 'Identificar informações-chave em textos');
INSERT INTO criteria (id, year, mec_code, subject, description) VALUES (142, 7, 'EF07LI08', 'Inglês', 'Construção do sentido global do texto');
INSERT INTO criteria (id, year, mec_code, subject, description) VALUES (143, 7, 'EF07LI09', 'Inglês', 'Objetivos de leitura');
INSERT INTO criteria (id, year, mec_code, subject, description) VALUES (144, 7, 'EF07LI10', 'Inglês', 'Leitura de textos digitais para estudo');
INSERT INTO criteria (id, year, mec_code, subject, description) VALUES (145, 7, 'EF07LI11', 'Inglês', 'Partilha de leitura');
INSERT INTO criteria (id, year, mec_code, subject, description) VALUES (146, 7, 'EF07LI12', 'Inglês', 'Planejamento de produção escrita');
INSERT INTO criteria (id, year, mec_code, subject, description) VALUES (147, 7, 'EF07LI13', 'Inglês', 'Organização de produção escrita');
INSERT INTO criteria (id, year, mec_code, subject, description) VALUES (148, 7, 'EF07LI14', 'Inglês', 'Produção de textos escritos em formatos diversos');
INSERT INTO criteria (id, year, mec_code, subject, description) VALUES (149, 7, 'EF07LI15', 'Inglês', 'Construção de repertório lexical (gramática)');
INSERT INTO criteria (id, year, mec_code, subject, description) VALUES (150, 7, 'EF07LI16', 'Inglês', 'Pronúncia de verbos regulares no passado');
INSERT INTO criteria (id, year, mec_code, subject, description) VALUES (151, 7, 'EF07LI17', 'Inglês', 'Polissemia');
INSERT INTO criteria (id, year, mec_code, subject, description) VALUES (152, 7, 'EF07LI18', 'Inglês', 'Passado simples e contínuo');
INSERT INTO criteria (id, year, mec_code, subject, description) VALUES (153, 7, 'EF07LI19', 'Inglês', 'Pronomes do caso reto e do caso oblíquo');
INSERT INTO criteria (id, year, mec_code, subject, description) VALUES (154, 7, 'EF07LI20', 'Inglês', 'Verbo modal can (presente e passado)');
INSERT INTO criteria (id, year, mec_code, subject, description) VALUES (155, 7, 'EF07LI21', 'Inglês', 'Alcance da língua inglesa no mundo');
INSERT INTO criteria (id, year, mec_code, subject, description) VALUES (156, 7, 'EF07LI22', 'Inglês', 'Exploração da variação linguística');
INSERT INTO criteria (id, year, mec_code, subject, description) VALUES (157, 7, 'EF07LI23', 'Inglês', 'Reconhecimento da variação linguística');
INSERT INTO criteria (id, year, mec_code, subject, description) VALUES (158, 8, 'EF08LI01', 'Inglês', 'Negociação, conflitos e posicionamento');
INSERT INTO criteria (id, year, mec_code, subject, description) VALUES (159, 8, 'EF08LI02', 'Inglês', 'Recursos linguísticos e paralinguísticos');
INSERT INTO criteria (id, year, mec_code, subject, description) VALUES (160, 8, 'EF08LI03', 'Inglês', 'Construção do sentido global de textos orais');
INSERT INTO criteria (id, year, mec_code, subject, description) VALUES (161, 8, 'EF08LI04', 'Inglês', 'Produção de textos orais');
INSERT INTO criteria (id, year, mec_code, subject, description) VALUES (162, 8, 'EF08LI05', 'Inglês', 'Inferências e reconhecimento de implícitos');
INSERT INTO criteria (id, year, mec_code, subject, description) VALUES (163, 8, 'EF08LI06', 'Inglês', 'Leitura de textos de cunho artístico/literário');
INSERT INTO criteria (id, year, mec_code, subject, description) VALUES (164, 8, 'EF08LI07', 'Inglês', 'Leitura digital de textos de cunho artístico/literário');
INSERT INTO criteria (id, year, mec_code, subject, description) VALUES (165, 8, 'EF08LI08', 'Inglês', 'Reflexão pós-leitura');
INSERT INTO criteria (id, year, mec_code, subject, description) VALUES (166, 8, 'EF08LI09', 'Inglês', 'Revisão de produção textual escrita');
INSERT INTO criteria (id, year, mec_code, subject, description) VALUES (167, 8, 'EF08LI10', 'Inglês', 'Correção de produção textual escrita');
INSERT INTO criteria (id, year, mec_code, subject, description) VALUES (168, 8, 'EF08LI11', 'Inglês', 'Produção de textos escritos');
INSERT INTO criteria (id, year, mec_code, subject, description) VALUES (169, 8, 'EF08LI12', 'Inglês', 'Construção de repertório lexical');
INSERT INTO criteria (id, year, mec_code, subject, description) VALUES (170, 8, 'EF08LI13', 'Inglês', 'Prefixos e sufixos');
INSERT INTO criteria (id, year, mec_code, subject, description) VALUES (171, 8, 'EF08LI14', 'Inglês', 'Verbos para indicar o futuro');
INSERT INTO criteria (id, year, mec_code, subject, description) VALUES (172, 8, 'EF08LI15', 'Inglês', 'Comparativos e superlativos');
INSERT INTO criteria (id, year, mec_code, subject, description) VALUES (173, 8, 'EF08LI16', 'Inglês', 'Quantificadores');
INSERT INTO criteria (id, year, mec_code, subject, description) VALUES (174, 8, 'EF08LI17', 'Inglês', 'Pronomes relativos');
INSERT INTO criteria (id, year, mec_code, subject, description) VALUES (175, 8, 'EF08LI18', 'Inglês', 'Construção de repertório artístico-cultural');
INSERT INTO criteria (id, year, mec_code, subject, description) VALUES (176, 8, 'EF08LI19', 'Inglês', 'Aspectos culturais na comunicação');
INSERT INTO criteria (id, year, mec_code, subject, description) VALUES (177, 8, 'EF08LI20', 'Inglês', 'Identificar impeditivos na comunicação intercultural');
INSERT INTO criteria (id, year, mec_code, subject, description) VALUES (178, 9, 'EF09LI01', 'Inglês', 'Argumentação e persuasão');
INSERT INTO criteria (id, year, mec_code, subject, description) VALUES (179, 9, 'EF09LI02', 'Inglês', 'Compilação de ideias-chave de textos');
INSERT INTO criteria (id, year, mec_code, subject, description) VALUES (180, 9, 'EF09LI03', 'Inglês', 'Análise de posicionamentos em textos orais');
INSERT INTO criteria (id, year, mec_code, subject, description) VALUES (181, 9, 'EF09LI04', 'Inglês', 'Produção de textos orais com apoios visuais');
INSERT INTO criteria (id, year, mec_code, subject, description) VALUES (182, 9, 'EF09LI05', 'Inglês', 'Recursos de persuasão');
INSERT INTO criteria (id, year, mec_code, subject, description) VALUES (183, 9, 'EF09LI06', 'Inglês', 'Distinção de fatos e opiniões');
INSERT INTO criteria (id, year, mec_code, subject, description) VALUES (184, 9, 'EF09LI07', 'Inglês', 'Identificação de recursos de argumentação');
INSERT INTO criteria (id, year, mec_code, subject, description) VALUES (185, 9, 'EF09LI08', 'Inglês', 'Informações em ambientes virtuais');
INSERT INTO criteria (id, year, mec_code, subject, description) VALUES (186, 9, 'EF09LI09', 'Inglês', 'Reflexão pós-leitura');
INSERT INTO criteria (id, year, mec_code, subject, description) VALUES (187, 9, 'EF09LI10', 'Inglês', 'Construção de argumentação');
INSERT INTO criteria (id, year, mec_code, subject, description) VALUES (188, 9, 'EF09LI11', 'Inglês', 'Construção da persuasão');
INSERT INTO criteria (id, year, mec_code, subject, description) VALUES (189, 9, 'EF09LI12', 'Inglês', 'Produção textual escrita com posicionamento');
INSERT INTO criteria (id, year, mec_code, subject, description) VALUES (190, 9, 'EF09LI13', 'Inglês', 'Usos da linguagem em meio digital');
INSERT INTO criteria (id, year, mec_code, subject, description) VALUES (191, 9, 'EF09LI14', 'Inglês', 'Conectores (linking words)');
INSERT INTO criteria (id, year, mec_code, subject, description) VALUES (192, 9, 'EF09LI15', 'Inglês', 'Orações condicionais');
INSERT INTO criteria (id, year, mec_code, subject, description) VALUES (193, 9, 'EF09LI16', 'Inglês', 'Verbos modais');
INSERT INTO criteria (id, year, mec_code, subject, description) VALUES (194, 9, 'EF09LI17', 'Inglês', 'Expansão da língua inglesa no mundo');
INSERT INTO criteria (id, year, mec_code, subject, description) VALUES (195, 9, 'EF09LI18', 'Inglês', 'Língua inglesa e sua importância');
INSERT INTO criteria (id, year, mec_code, subject, description) VALUES (196, 9, 'EF09LI19', 'Inglês', 'Construção de identidades no mundo globalizado');
INSERT INTO criteria (id, year, mec_code, subject, description) VALUES (197, 6, 'EF06CI01', 'Ciências', 'Misturas: homogênea ou heterogênea');
INSERT INTO criteria (id, year, mec_code, subject, description) VALUES (198, 6, 'EF06CI02', 'Ciências', 'Transformações químicas: evidências e produtos');
INSERT INTO criteria (id, year, mec_code, subject, description) VALUES (199, 6, 'EF06CI04', 'Ciências', 'Produção de medicamentos: impactos socioambientais');
INSERT INTO criteria (id, year, mec_code, subject, description) VALUES (200, 6, 'EF06CI05', 'Ciências', 'Organização celular: estrutura e função');
INSERT INTO criteria (id, year, mec_code, subject, description) VALUES (201, 6, 'EF06CI06', 'Ciências', 'Organismos: complexidade e organização');
INSERT INTO criteria (id, year, mec_code, subject, description) VALUES (202, 6, 'EF06CI07', 'Ciências', 'Sistema nervoso: coordenação corporal');
INSERT INTO criteria (id, year, mec_code, subject, description) VALUES (203, 6, 'EF06CI08', 'Ciências', 'Visão: interação e correção');
INSERT INTO criteria (id, year, mec_code, subject, description) VALUES (204, 6, 'EF06CI09', 'Ciências', 'Estrutura e movimentação animal');
INSERT INTO criteria (id, year, mec_code, subject, description) VALUES (205, 6, 'EF06CI10', 'Ciências', 'Sistema nervoso: substâncias psicoativas');
INSERT INTO criteria (id, year, mec_code, subject, description) VALUES (206, 6, 'EF06CI11', 'Ciências', 'Camadas da Terra');
INSERT INTO criteria (id, year, mec_code, subject, description) VALUES (207, 6, 'EF06CI12', 'Ciências', 'Tipos de rocha');
INSERT INTO criteria (id, year, mec_code, subject, description) VALUES (208, 6, 'EF06CI13', 'Ciências', 'Esfericidade da Terra: argumentos e evidências');
INSERT INTO criteria (id, year, mec_code, subject, description) VALUES (209, 6, 'EF06CI14', 'Ciências', 'Movimentos Terra-Sol: evidência sazonal');
INSERT INTO criteria (id, year, mec_code, subject, description) VALUES (210, 7, 'EF07CI01', 'Ciências', 'Máquinas simples: história e soluções');
INSERT INTO criteria (id, year, mec_code, subject, description) VALUES (211, 7, 'EF07CI02', 'Ciências', 'Temperatura, calor, sensação térmica');
INSERT INTO criteria (id, year, mec_code, subject, description) VALUES (212, 7, 'EF07CI03', 'Ciências', 'Calor: materiais, equipamentos, soluções');
INSERT INTO criteria (id, year, mec_code, subject, description) VALUES (213, 7, 'EF07CI04', 'Ciências', 'Equilíbrio termodinâmico');
INSERT INTO criteria (id, year, mec_code, subject, description) VALUES (214, 7, 'EF07CI05', 'Ciências', 'Combustível, máquinas térmicas: impacto');
INSERT INTO criteria (id, year, mec_code, subject, description) VALUES (215, 7, 'EF07CI06', 'Ciências', 'Mudanças sociais e tecnológicas');
INSERT INTO criteria (id, year, mec_code, subject, description) VALUES (216, 7, 'EF07CI07', 'Ciências', 'Ecossistemas brasileiros: características e fauna');
INSERT INTO criteria (id, year, mec_code, subject, description) VALUES (217, 7, 'EF07CI08', 'Ciências', 'Impactos ecológicos: catástrofes e espécies');
INSERT INTO criteria (id, year, mec_code, subject, description) VALUES (218, 7, 'EF07CI09', 'Ciências', 'Saúde: indicadores e políticas');
INSERT INTO criteria (id, year, mec_code, subject, description) VALUES (219, 7, 'EF07CI10', 'Ciências', 'Vacinação: saúde pública, erradicação');
INSERT INTO criteria (id, year, mec_code, subject, description) VALUES (220, 7, 'EF07CI11', 'Ciências', 'Tecnologia: histórico e impacto');
INSERT INTO criteria (id, year, mec_code, subject, description) VALUES (221, 7, 'EF07CI12', 'Ciências', 'Ar: composição e alterações');
INSERT INTO criteria (id, year, mec_code, subject, description) VALUES (222, 7, 'EF07CI13', 'Ciências', 'Efeito estufa: compreensão e ações');
INSERT INTO criteria (id, year, mec_code, subject, description) VALUES (223, 7, 'EF07CI14', 'Ciências', 'Camada de ozônio: importância, preservação');
INSERT INTO criteria (id, year, mec_code, subject, description) VALUES (224, 7, 'EF07CI15', 'Ciências', 'Fenômenos naturais: interpretação, Brasil');
INSERT INTO criteria (id, year, mec_code, subject, description) VALUES (225, 7, 'EF07CI16', 'Ciências', 'Costas: deriva continental');
INSERT INTO criteria (id, year, mec_code, subject, description) VALUES (226, 8, 'EF08CI01', 'Ciências', 'Fontes e energia');
INSERT INTO criteria (id, year, mec_code, subject, description) VALUES (227, 8, 'EF08CI02', 'Ciências', 'Comparar circuitos elétricos');
INSERT INTO criteria (id, year, mec_code, subject, description) VALUES (228, 8, 'EF08CI03', 'Ciências', 'Classificar equipamentos elétricos');
INSERT INTO criteria (id, year, mec_code, subject, description) VALUES (229, 8, 'EF08CI04', 'Ciências', 'Calcular consumo de eletrodomésticos');
INSERT INTO criteria (id, year, mec_code, subject, description) VALUES (230, 8, 'EF08CI05', 'Ciências', 'Otimizar uso de energia elétrica');
INSERT INTO criteria (id, year, mec_code, subject, description) VALUES (231, 8, 'EF08CI06', 'Ciências', 'Geração de energia elétrica');
INSERT INTO criteria (id, year, mec_code, subject, description) VALUES (232, 8, 'EF08CI07', 'Ciências', 'Reprodução em plantas e animais');
INSERT INTO criteria (id, year, mec_code, subject, description) VALUES (233, 8, 'EF08CI08', 'Ciências', 'Puberdade: hormônios e transformações');
INSERT INTO criteria (id, year, mec_code, subject, description) VALUES (234, 8, 'EF08CI09', 'Ciências', 'Contraceptivos: escolha responsável e eficácia');
INSERT INTO criteria (id, year, mec_code, subject, description) VALUES (235, 8, 'EF08CI10', 'Ciências', 'DST: sintomas, prevenção, tratamento');
INSERT INTO criteria (id, year, mec_code, subject, description) VALUES (236, 8, 'EF08CI11', 'Ciências', 'Dimensões da sexualidade');
INSERT INTO criteria (id, year, mec_code, subject, description) VALUES (237, 8, 'EF08CI12', 'Ciências', 'Fases da Lua explicadas');
INSERT INTO criteria (id, year, mec_code, subject, description) VALUES (238, 8, 'EF08CI13', 'Ciências', 'Modelos astronômicos explicativos');
INSERT INTO criteria (id, year, mec_code, subject, description) VALUES (239, 8, 'EF08CI14', 'Ciências', 'Clima e circulação atmosférica');
INSERT INTO criteria (id, year, mec_code, subject, description) VALUES (240, 8, 'EF08CI15', 'Ciências', 'Previsão do tempo e variáveis');
INSERT INTO criteria (id, year, mec_code, subject, description) VALUES (241, 8, 'EF08CI16', 'Ciências', 'Restabelecer equilíbrio ambiental');
INSERT INTO criteria (id, year, mec_code, subject, description) VALUES (242, 9, 'EF09CI01', 'Ciências', 'Mudanças físicas');
INSERT INTO criteria (id, year, mec_code, subject, description) VALUES (243, 9, 'EF09CI02', 'Ciências', 'Transformações químicas e reagentes');
INSERT INTO criteria (id, year, mec_code, subject, description) VALUES (244, 9, 'EF09CI03', 'Ciências', 'Estrutura da matéria e modelos');
INSERT INTO criteria (id, year, mec_code, subject, description) VALUES (245, 9, 'EF09CI04', 'Ciências', 'Composição da luz e cores');
INSERT INTO criteria (id, year, mec_code, subject, description) VALUES (246, 9, 'EF09CI05', 'Ciências', 'Transmissão de imagem e som');
INSERT INTO criteria (id, year, mec_code, subject, description) VALUES (247, 9, 'EF09CI06', 'Ciências', 'Classificação de radiações eletromagnéticas');
INSERT INTO criteria (id, year, mec_code, subject, description) VALUES (248, 9, 'EF09CI07', 'Ciências', 'Avanço tecnológico na medicina');
INSERT INTO criteria (id, year, mec_code, subject, description) VALUES (249, 9, 'EF09CI08', 'Ciências', 'Transmissão de características hereditárias');
INSERT INTO criteria (id, year, mec_code, subject, description) VALUES (250, 9, 'EF09CI09', 'Ciências', 'Ideias de Mendel sobre hereditariedade');
INSERT INTO criteria (id, year, mec_code, subject, description) VALUES (251, 9, 'EF09CI10', 'Ciências', 'Comparação de ideias evolucionistas');
INSERT INTO criteria (id, year, mec_code, subject, description) VALUES (252, 9, 'EF09CI11', 'Ciências', 'Evolução e diversidade das espécies');
INSERT INTO criteria (id, year, mec_code, subject, description) VALUES (253, 9, 'EF09CI12', 'Ciências', 'Importância das unidades de conservação');
INSERT INTO criteria (id, year, mec_code, subject, description) VALUES (254, 9, 'EF09CI13', 'Ciências', 'Iniciativas ambientais: Soluções sustentáveis');
INSERT INTO criteria (id, year, mec_code, subject, description) VALUES (255, 9, 'EF09CI14', 'Ciências', 'Composição e estrutura do Sistema Solar: Planetas, estrelas, galáxias');
INSERT INTO criteria (id, year, mec_code, subject, description) VALUES (256, 9, 'EF09CI15', 'Ciências', 'Leituras do céu e origem: Culturas e explicações');
INSERT INTO criteria (id, year, mec_code, subject, description) VALUES (257, 9, 'EF09CI16', 'Ciências', 'Viabilidade da sobrevivência humana');
INSERT INTO criteria (id, year, mec_code, subject, description) VALUES (258, 9, 'EF09CI17', 'Ciências', 'Ciclo evolutivo do Sol');
INSERT INTO criteria (id, year, mec_code, subject, description) VALUES (259, 6, 'EF06LP01', 'Português', 'Imparcialidade/parcialidade em textos críticos');
INSERT INTO criteria (id, year, mec_code, subject, description) VALUES (260, 6, 'EF06LP02', 'Português', 'Gêneros jornalísticos');
INSERT INTO criteria (id, year, mec_code, subject, description) VALUES (261, 6, 'EF06LP03', 'Português', 'Diferenças entre palavras sinônimas');
INSERT INTO criteria (id, year, mec_code, subject, description) VALUES (262, 6, 'EF06LP04', 'Português', 'Funções e flexões');
INSERT INTO criteria (id, year, mec_code, subject, description) VALUES (263, 6, 'EF06LP05', 'Português', 'Efeitos de sentido dos modos verbais');
INSERT INTO criteria (id, year, mec_code, subject, description) VALUES (264, 6, 'EF06LP06', 'Português', 'Concordância nominal e verbal');
INSERT INTO criteria (id, year, mec_code, subject, description) VALUES (265, 6, 'EF06LP07', 'Português', 'Periodos compostos por coordenação');
INSERT INTO criteria (id, year, mec_code, subject, description) VALUES (266, 6, 'EF06LP08', 'Português', 'Composição de orações e períodos');
INSERT INTO criteria (id, year, mec_code, subject, description) VALUES (267, 6, 'EF06LP09', 'Português', 'Períodos simples e compostos');
INSERT INTO criteria (id, year, mec_code, subject, description) VALUES (268, 6, 'EF06LP10', 'Português', 'Sintagmas nominais e verbais na oração');
INSERT INTO criteria (id, year, mec_code, subject, description) VALUES (269, 6, 'EF06LP11', 'Português', 'Utilizar conhecimentos linguísticos gramaticais');
INSERT INTO criteria (id, year, mec_code, subject, description) VALUES (270, 6, 'EF06LP12', 'Português', 'Utilizar vozes, recursos de coesão e semânticos');
INSERT INTO criteria (id, year, mec_code, subject, description) VALUES (271, 6, 'EF67LP01', 'Português', 'Escrita hipertextual');
INSERT INTO criteria (id, year, mec_code, subject, description) VALUES (272, 7, 'EF67LP01', 'Português', 'Escrita hipertextual');
INSERT INTO criteria (id, year, mec_code, subject, description) VALUES (273, 6, 'EF67LP02', 'Português', 'Posicionamento ético');
INSERT INTO criteria (id, year, mec_code, subject, description) VALUES (274, 7, 'EF67LP02', 'Português', 'Posicionamento ético');
INSERT INTO criteria (id, year, mec_code, subject, description) VALUES (275, 6, 'EF67LP03', 'Português', 'Comparar informações em diferentes midias');
INSERT INTO criteria (id, year, mec_code, subject, description) VALUES (276, 7, 'EF67LP03', 'Português', 'Comparar informações em diferentes midias');
INSERT INTO criteria (id, year, mec_code, subject, description) VALUES (277, 6, 'EF67LP04', 'Português', 'Distinguir fatos e opiniões em textos');
INSERT INTO criteria (id, year, mec_code, subject, description) VALUES (278, 7, 'EF67LP04', 'Português', 'Distinguir fatos e opiniões em textos');
INSERT INTO criteria (id, year, mec_code, subject, description) VALUES (279, 6, 'EF67LP05', 'Português', 'Opiniões e argumentos em textos argumentativos');
INSERT INTO criteria (id, year, mec_code, subject, description) VALUES (280, 7, 'EF67LP05', 'Português', 'Opiniões e argumentos em textos argumentativos');
INSERT INTO criteria (id, year, mec_code, subject, description) VALUES (281, 6, 'EF67LP06', 'Português', 'Efeitos de sentido de recursos textuais');
INSERT INTO criteria (id, year, mec_code, subject, description) VALUES (282, 7, 'EF67LP06', 'Português', 'Efeitos de sentido de recursos textuais');
INSERT INTO criteria (id, year, mec_code, subject, description) VALUES (283, 6, 'EF67LP07', 'Português', 'Identificar recursos persuasivos em textos argumentativos');
INSERT INTO criteria (id, year, mec_code, subject, description) VALUES (284, 7, 'EF67LP07', 'Português', 'Identificar recursos persuasivos em textos argumentativos');
INSERT INTO criteria (id, year, mec_code, subject, description) VALUES (285, 6, 'EF67LP08', 'Português', 'Efeitos de sentido de elementos visuais');
INSERT INTO criteria (id, year, mec_code, subject, description) VALUES (286, 7, 'EF67LP08', 'Português', 'Efeitos de sentido de elementos visuais');
INSERT INTO criteria (id, year, mec_code, subject, description) VALUES (287, 6, 'EF67LP09', 'Português', 'Planejar textos de notícias com base em fatos');
INSERT INTO criteria (id, year, mec_code, subject, description) VALUES (288, 7, 'EF67LP09', 'Português', 'Planejar textos de notícias com base em fatos');
INSERT INTO criteria (id, year, mec_code, subject, description) VALUES (289, 6, 'EF67LP10', 'Português', 'Produzir um texto de gênero notícia');
INSERT INTO criteria (id, year, mec_code, subject, description) VALUES (290, 7, 'EF67LP10', 'Português', 'Produzir um texto de gênero notícia');
INSERT INTO criteria (id, year, mec_code, subject, description) VALUES (291, 6, 'EF67LP11', 'Português', 'Planejar textos argumentativos com base em fatos');
INSERT INTO criteria (id, year, mec_code, subject, description) VALUES (292, 7, 'EF67LP11', 'Português', 'Planejar textos argumentativos com base em fatos');
INSERT INTO criteria (id, year, mec_code, subject, description) VALUES (293, 6, 'EF67LP12', 'Português', 'Produzir gêneros culturais juvenis com adequação ao contexto');
INSERT INTO criteria (id, year, mec_code, subject, description) VALUES (294, 7, 'EF67LP12', 'Português', 'Produzir gêneros culturais juvenis com adequação ao contexto');
INSERT INTO criteria (id, year, mec_code, subject, description) VALUES (295, 6, 'EF67LP13', 'Português', 'Produzir, revisar e editar textos publicitários');
INSERT INTO criteria (id, year, mec_code, subject, description) VALUES (296, 7, 'EF67LP13', 'Português', 'Produzir, revisar e editar textos publicitários');
INSERT INTO criteria (id, year, mec_code, subject, description) VALUES (297, 6, 'EF67LP14', 'Português', 'Planejar, documentar e publicar entrevistas');
INSERT INTO criteria (id, year, mec_code, subject, description) VALUES (298, 7, 'EF67LP14', 'Português', 'Planejar, documentar e publicar entrevistas');
INSERT INTO criteria (id, year, mec_code, subject, description) VALUES (299, 6, 'EF67LP15', 'Português', 'Interpretar textos legais e normativos');
INSERT INTO criteria (id, year, mec_code, subject, description) VALUES (300, 7, 'EF67LP15', 'Português', 'Interpretar textos legais e normativos');
INSERT INTO criteria (id, year, mec_code, subject, description) VALUES (301, 6, 'EF67LP16', 'Português', 'Analisar textos reivindicativos');
INSERT INTO criteria (id, year, mec_code, subject, description) VALUES (302, 7, 'EF67LP16', 'Português', 'Analisar textos reivindicativos');
INSERT INTO criteria (id, year, mec_code, subject, description) VALUES (303, 6, 'EF67LP17', 'Português', 'Compreender a composição de cartas de reivindicação');
INSERT INTO criteria (id, year, mec_code, subject, description) VALUES (304, 7, 'EF67LP17', 'Português', 'Compreender a composição de cartas de reivindicação');
INSERT INTO criteria (id, year, mec_code, subject, description) VALUES (305, 6, 'EF67LP18', 'Português', 'Compreender objetivos de cartas reivindicativas ou propositivas');
INSERT INTO criteria (id, year, mec_code, subject, description) VALUES (306, 7, 'EF67LP18', 'Português', 'Compreender objetivos de cartas reivindicativas ou propositivas');
INSERT INTO criteria (id, year, mec_code, subject, description) VALUES (307, 6, 'EF67LP19', 'Português', 'Planejar textos reivindicativos ou propositivos');
INSERT INTO criteria (id, year, mec_code, subject, description) VALUES (308, 7, 'EF67LP19', 'Português', 'Planejar textos reivindicativos ou propositivos');
INSERT INTO criteria (id, year, mec_code, subject, description) VALUES (309, 6, 'EF67LP20', 'Português', 'Pesquisar com fontes confiáveis');
INSERT INTO criteria (id, year, mec_code, subject, description) VALUES (310, 7, 'EF67LP20', 'Português', 'Pesquisar com fontes confiáveis');
INSERT INTO criteria (id, year, mec_code, subject, description) VALUES (311, 6, 'EF67LP21', 'Português', 'Divulgação de resultados de pesquisas');
INSERT INTO criteria (id, year, mec_code, subject, description) VALUES (312, 7, 'EF67LP21', 'Português', 'Divulgação de resultados de pesquisas');
INSERT INTO criteria (id, year, mec_code, subject, description) VALUES (313, 6, 'EF67LP22', 'Português', 'Produzir resumos');
INSERT INTO criteria (id, year, mec_code, subject, description) VALUES (314, 7, 'EF67LP22', 'Português', 'Produzir resumos');
INSERT INTO criteria (id, year, mec_code, subject, description) VALUES (315, 6, 'EF67LP23', 'Português', 'Conversação espontânea');
INSERT INTO criteria (id, year, mec_code, subject, description) VALUES (316, 7, 'EF67LP23', 'Português', 'Conversação espontânea');
INSERT INTO criteria (id, year, mec_code, subject, description) VALUES (317, 6, 'EF67LP24', 'Português', 'Tomada de nota de aulas');
INSERT INTO criteria (id, year, mec_code, subject, description) VALUES (318, 7, 'EF67LP24', 'Português', 'Tomada de nota de aulas');
INSERT INTO criteria (id, year, mec_code, subject, description) VALUES (319, 6, 'EF67LP25', 'Português', 'Organização tópica para progressão e coesão textual');
INSERT INTO criteria (id, year, mec_code, subject, description) VALUES (320, 6, 'EF67LP25', 'Português', 'Organização tópica para progressão e coesão textual');
INSERT INTO criteria (id, year, mec_code, subject, description) VALUES (321, 6, 'EF67LP26', 'Português', 'Rodapés ou boxes de hipertextos científicos');
INSERT INTO criteria (id, year, mec_code, subject, description) VALUES (322, 7, 'EF67LP26', 'Português', 'Rodapés ou boxes de hipertextos científicos');
INSERT INTO criteria (id, year, mec_code, subject, description) VALUES (323, 6, 'EF67LP27', 'Português', 'Referências implícitas ou explícitas em textos literários');
INSERT INTO criteria (id, year, mec_code, subject, description) VALUES (324, 7, 'EF67LP27', 'Português', 'Referências implícitas ou explícitas em textos literários');
INSERT INTO criteria (id, year, mec_code, subject, description) VALUES (325, 6, 'EF67LP28', 'Português', 'Ler e compreender gêneros literários');
INSERT INTO criteria (id, year, mec_code, subject, description) VALUES (326, 7, 'EF67LP28', 'Português', 'Ler e compreender gêneros literários');
INSERT INTO criteria (id, year, mec_code, subject, description) VALUES (327, 6, 'EF67LP29', 'Português', 'Composição de elementos em texto dramático');
INSERT INTO criteria (id, year, mec_code, subject, description) VALUES (328, 7, 'EF67LP29', 'Português', 'Composição de elementos em texto dramático');
INSERT INTO criteria (id, year, mec_code, subject, description) VALUES (329, 6, 'EF67LP30', 'Português', 'Elaborar textos ficcionais');
INSERT INTO criteria (id, year, mec_code, subject, description) VALUES (330, 7, 'EF67LP30', 'Português', 'Elaborar textos ficcionais');
INSERT INTO criteria (id, year, mec_code, subject, description) VALUES (331, 6, 'EF67LP31', 'Português', 'Poemas com variações estilísticas');
INSERT INTO criteria (id, year, mec_code, subject, description) VALUES (332, 7, 'EF67LP31', 'Português', 'Poemas com variações estilísticas');
INSERT INTO criteria (id, year, mec_code, subject, description) VALUES (333, 6, 'EF67LP32', 'Português', 'Escrita de acordo com a norma padrão');
INSERT INTO criteria (id, year, mec_code, subject, description) VALUES (334, 7, 'EF67LP32', 'Português', 'Escrita de acordo com a norma padrão');
INSERT INTO criteria (id, year, mec_code, subject, description) VALUES (335, 6, 'EF67LP33', 'Português', 'Pontuar textos adequadamente');
INSERT INTO criteria (id, year, mec_code, subject, description) VALUES (336, 7, 'EF67LP33', 'Português', 'Pontuar textos adequadamente');
INSERT INTO criteria (id, year, mec_code, subject, description) VALUES (337, 6, 'EF67LP34', 'Português', 'Antônimos e prefixos negativos');
INSERT INTO criteria (id, year, mec_code, subject, description) VALUES (338, 7, 'EF67LP34', 'Português', 'Antônimos e prefixos negativos');
INSERT INTO criteria (id, year, mec_code, subject, description) VALUES (339, 6, 'EF67LP35', 'Português', 'Afixos e palavras compostas');
INSERT INTO criteria (id, year, mec_code, subject, description) VALUES (340, 7, 'EF67LP35', 'Português', 'Afixos e palavras compostas');
INSERT INTO criteria (id, year, mec_code, subject, description) VALUES (341, 6, 'EF67LP36', 'Português', 'Coesão na produção de textos');
INSERT INTO criteria (id, year, mec_code, subject, description) VALUES (342, 7, 'EF67LP36', 'Português', 'Coesão na produção de textos');
INSERT INTO criteria (id, year, mec_code, subject, description) VALUES (343, 6, 'EF67LP37', 'Português', 'Efeitos de sentido de recursos linguísticos-discursivos');
INSERT INTO criteria (id, year, mec_code, subject, description) VALUES (344, 7, 'EF67LP37', 'Português', 'Efeitos de sentido de recursos linguísticos-discursivos');
INSERT INTO criteria (id, year, mec_code, subject, description) VALUES (345, 6, 'EF67LP38', 'Português', 'Efeitos de sentido das figuras de linguagem');
INSERT INTO criteria (id, year, mec_code, subject, description) VALUES (346, 7, 'EF67LP38', 'Português', 'Efeitos de sentido das figuras de linguagem');
INSERT INTO criteria (id, year, mec_code, subject, description) VALUES (347, 6, 'EF69LP01', 'Português', 'Liberdade de expressão e discurso de ódio');
INSERT INTO criteria (id, year, mec_code, subject, description) VALUES (348, 7, 'EF69LP01', 'Português', 'Liberdade de expressão e discurso de ódio');
INSERT INTO criteria (id, year, mec_code, subject, description) VALUES (349, 8, 'EF69LP01', 'Português', 'Liberdade de expressão e discurso de ódio');
INSERT INTO criteria (id, year, mec_code, subject, description) VALUES (350, 9, 'EF69LP01', 'Português', 'Liberdade de expressão e discurso de ódio');
INSERT INTO criteria (id, year, mec_code, subject, description) VALUES (351, 6, 'EF69LP02', 'Português', 'Analisar e comparar peças publicitárias');
INSERT INTO criteria (id, year, mec_code, subject, description) VALUES (352, 7, 'EF69LP02', 'Português', 'Analisar e comparar peças publicitárias');
INSERT INTO criteria (id, year, mec_code, subject, description) VALUES (353, 8, 'EF69LP02', 'Português', 'Analisar e comparar peças publicitárias');
INSERT INTO criteria (id, year, mec_code, subject, description) VALUES (354, 9, 'EF69LP02', 'Português', 'Analisar e comparar peças publicitárias');
INSERT INTO criteria (id, year, mec_code, subject, description) VALUES (355, 6, 'EF69LP03', 'Português', 'Identificar fato central em notícias');
INSERT INTO criteria (id, year, mec_code, subject, description) VALUES (356, 7, 'EF69LP03', 'Português', 'Identificar fato central em notícias');
INSERT INTO criteria (id, year, mec_code, subject, description) VALUES (357, 8, 'EF69LP03', 'Português', 'Identificar fato central em notícias');
INSERT INTO criteria (id, year, mec_code, subject, description) VALUES (358, 9, 'EF69LP03', 'Português', 'Identificar fato central em notícias');
INSERT INTO criteria (id, year, mec_code, subject, description) VALUES (359, 6, 'EF69LP04', 'Português', 'Estratégias persuasivas em textos publicitários');
INSERT INTO criteria (id, year, mec_code, subject, description) VALUES (360, 7, 'EF69LP04', 'Português', 'Estratégias persuasivas em textos publicitários');
INSERT INTO criteria (id, year, mec_code, subject, description) VALUES (361, 8, 'EF69LP04', 'Português', 'Estratégias persuasivas em textos publicitários');
INSERT INTO criteria (id, year, mec_code, subject, description) VALUES (362, 9, 'EF69LP04', 'Português', 'Estratégias persuasivas em textos publicitários');
INSERT INTO criteria (id, year, mec_code, subject, description) VALUES (363, 6, 'EF69LP05', 'Português', 'Efeito de humor');
INSERT INTO criteria (id, year, mec_code, subject, description) VALUES (364, 7, 'EF69LP05', 'Português', 'Efeito de humor');
INSERT INTO criteria (id, year, mec_code, subject, description) VALUES (365, 8, 'EF69LP05', 'Português', 'Efeito de humor');
INSERT INTO criteria (id, year, mec_code, subject, description) VALUES (366, 9, 'EF69LP05', 'Português', 'Efeito de humor');
INSERT INTO criteria (id, year, mec_code, subject, description) VALUES (367, 6, 'EF69LP06', 'Português', 'Produção de textos midiáticos');
INSERT INTO criteria (id, year, mec_code, subject, description) VALUES (368, 7, 'EF69LP06', 'Português', 'Produção de textos midiáticos');
INSERT INTO criteria (id, year, mec_code, subject, description) VALUES (369, 8, 'EF69LP06', 'Português', 'Produção de textos midiáticos');
INSERT INTO criteria (id, year, mec_code, subject, description) VALUES (370, 9, 'EF69LP06', 'Português', 'Produção de textos midiáticos');
INSERT INTO criteria (id, year, mec_code, subject, description) VALUES (371, 6, 'EF69LP07', 'Português', 'Produzir textos em contexto de publicação e circulação');
INSERT INTO criteria (id, year, mec_code, subject, description) VALUES (372, 7, 'EF69LP07', 'Português', 'Produzir textos em contexto de publicação e circulação');
INSERT INTO criteria (id, year, mec_code, subject, description) VALUES (373, 8, 'EF69LP07', 'Português', 'Produzir textos em contexto de publicação e circulação');
INSERT INTO criteria (id, year, mec_code, subject, description) VALUES (374, 9, 'EF69LP07', 'Português', 'Produzir textos em contexto de publicação e circulação');
INSERT INTO criteria (id, year, mec_code, subject, description) VALUES (375, 6, 'EF69LP08', 'Português', 'Revisão/edição de texto informativo e opinativo');
INSERT INTO criteria (id, year, mec_code, subject, description) VALUES (376, 7, 'EF69LP08', 'Português', 'Revisão/edição de texto informativo e opinativo');
INSERT INTO criteria (id, year, mec_code, subject, description) VALUES (377, 8, 'EF69LP08', 'Português', 'Revisão/edição de texto informativo e opinativo');
INSERT INTO criteria (id, year, mec_code, subject, description) VALUES (378, 9, 'EF69LP08', 'Português', 'Revisão/edição de texto informativo e opinativo');
INSERT INTO criteria (id, year, mec_code, subject, description) VALUES (379, 6, 'EF69LP09', 'Português', 'Planejamento de campanha publicitária');
INSERT INTO criteria (id, year, mec_code, subject, description) VALUES (380, 7, 'EF69LP09', 'Português', 'Planejamento de campanha publicitária');
INSERT INTO criteria (id, year, mec_code, subject, description) VALUES (381, 8, 'EF69LP09', 'Português', 'Planejamento de campanha publicitária');
INSERT INTO criteria (id, year, mec_code, subject, description) VALUES (382, 9, 'EF69LP09', 'Português', 'Planejamento de campanha publicitária');
INSERT INTO criteria (id, year, mec_code, subject, description) VALUES (383, 6, 'EF69LP10', 'Português', 'Produção de conteúdo audiovisual');
INSERT INTO criteria (id, year, mec_code, subject, description) VALUES (384, 7, 'EF69LP10', 'Português', 'Produção de conteúdo audiovisual');
INSERT INTO criteria (id, year, mec_code, subject, description) VALUES (385, 8, 'EF69LP10', 'Português', 'Produção de conteúdo audiovisual');
INSERT INTO criteria (id, year, mec_code, subject, description) VALUES (386, 9, 'EF69LP10', 'Português', 'Produção de conteúdo audiovisual');
INSERT INTO criteria (id, year, mec_code, subject, description) VALUES (387, 6, 'EF69LP11', 'Português', 'Interpretar diferentes pontos de vista e posicionar-se');
INSERT INTO criteria (id, year, mec_code, subject, description) VALUES (388, 7, 'EF69LP11', 'Português', 'Interpretar diferentes pontos de vista e posicionar-se');
INSERT INTO criteria (id, year, mec_code, subject, description) VALUES (389, 8, 'EF69LP11', 'Português', 'Interpretar diferentes pontos de vista e posicionar-se');
INSERT INTO criteria (id, year, mec_code, subject, description) VALUES (390, 9, 'EF69LP11', 'Português', 'Interpretar diferentes pontos de vista e posicionar-se');
INSERT INTO criteria (id, year, mec_code, subject, description) VALUES (391, 6, 'EF69LP12', 'Português', 'Produção de textos jornalísticos orais');
INSERT INTO criteria (id, year, mec_code, subject, description) VALUES (392, 7, 'EF69LP12', 'Português', 'Produção de textos jornalísticos orais');
INSERT INTO criteria (id, year, mec_code, subject, description) VALUES (393, 8, 'EF69LP12', 'Português', 'Produção de textos jornalísticos orais');
INSERT INTO criteria (id, year, mec_code, subject, description) VALUES (394, 9, 'EF69LP12', 'Português', 'Produção de textos jornalísticos orais');
INSERT INTO criteria (id, year, mec_code, subject, description) VALUES (395, 6, 'EF69LP13', 'Português', 'Discutir temas de relevância social');
INSERT INTO criteria (id, year, mec_code, subject, description) VALUES (396, 7, 'EF69LP13', 'Português', 'Discutir temas de relevância social');
INSERT INTO criteria (id, year, mec_code, subject, description) VALUES (397, 8, 'EF69LP13', 'Português', 'Discutir temas de relevância social');
INSERT INTO criteria (id, year, mec_code, subject, description) VALUES (398, 9, 'EF69LP13', 'Português', 'Discutir temas de relevância social');
INSERT INTO criteria (id, year, mec_code, subject, description) VALUES (399, 6, 'EF69LP14', 'Português', 'Posicionamento argumentativo em temas de relevância social');
INSERT INTO criteria (id, year, mec_code, subject, description) VALUES (400, 7, 'EF69LP14', 'Português', 'Posicionamento argumentativo em temas de relevância social');
INSERT INTO criteria (id, year, mec_code, subject, description) VALUES (401, 8, 'EF69LP14', 'Português', 'Posicionamento argumentativo em temas de relevância social');
INSERT INTO criteria (id, year, mec_code, subject, description) VALUES (402, 9, 'EF69LP14', 'Português', 'Posicionamento argumentativo em temas de relevância social');
INSERT INTO criteria (id, year, mec_code, subject, description) VALUES (403, 6, 'EF69LP15', 'Português', 'Coerência nos argumentos');
INSERT INTO criteria (id, year, mec_code, subject, description) VALUES (404, 7, 'EF69LP15', 'Português', 'Coerência nos argumentos');
INSERT INTO criteria (id, year, mec_code, subject, description) VALUES (405, 8, 'EF69LP15', 'Português', 'Coerência nos argumentos');
INSERT INTO criteria (id, year, mec_code, subject, description) VALUES (406, 9, 'EF69LP15', 'Português', 'Coerência nos argumentos');
INSERT INTO criteria (id, year, mec_code, subject, description) VALUES (407, 6, 'EF69LP16', 'Português', 'Estruturas textuais dos gêneros jornalísticos');
INSERT INTO criteria (id, year, mec_code, subject, description) VALUES (408, 7, 'EF69LP16', 'Português', 'Estruturas textuais dos gêneros jornalísticos');
INSERT INTO criteria (id, year, mec_code, subject, description) VALUES (409, 8, 'EF69LP16', 'Português', 'Estruturas textuais dos gêneros jornalísticos');
INSERT INTO criteria (id, year, mec_code, subject, description) VALUES (410, 9, 'EF69LP16', 'Português', 'Estruturas textuais dos gêneros jornalísticos');
INSERT INTO criteria (id, year, mec_code, subject, description) VALUES (411, 6, 'EF69LP17', 'Português', 'Escolhas arbitrárias nos gêneros jornalísticos');
INSERT INTO criteria (id, year, mec_code, subject, description) VALUES (412, 7, 'EF69LP17', 'Português', 'Escolhas arbitrárias nos gêneros jornalísticos');
INSERT INTO criteria (id, year, mec_code, subject, description) VALUES (413, 8, 'EF69LP17', 'Português', 'Escolhas arbitrárias nos gêneros jornalísticos');
INSERT INTO criteria (id, year, mec_code, subject, description) VALUES (414, 9, 'EF69LP17', 'Português', 'Escolhas arbitrárias nos gêneros jornalísticos');
INSERT INTO criteria (id, year, mec_code, subject, description) VALUES (415, 6, 'EF69LP18', 'Português', 'Recursos argumentativos de coesão na construção de sentido');
INSERT INTO criteria (id, year, mec_code, subject, description) VALUES (416, 7, 'EF69LP18', 'Português', 'Recursos argumentativos de coesão na construção de sentido');
INSERT INTO criteria (id, year, mec_code, subject, description) VALUES (417, 8, 'EF69LP18', 'Português', 'Recursos argumentativos de coesão na construção de sentido');
INSERT INTO criteria (id, year, mec_code, subject, description) VALUES (418, 9, 'EF69LP18', 'Português', 'Recursos argumentativos de coesão na construção de sentido');
INSERT INTO criteria (id, year, mec_code, subject, description) VALUES (419, 6, 'EF69LP19', 'Português', 'Efeitos de sentido de elementos orais');
INSERT INTO criteria (id, year, mec_code, subject, description) VALUES (420, 7, 'EF69LP19', 'Português', 'Efeitos de sentido de elementos orais');
INSERT INTO criteria (id, year, mec_code, subject, description) VALUES (421, 8, 'EF69LP19', 'Português', 'Efeitos de sentido de elementos orais');
INSERT INTO criteria (id, year, mec_code, subject, description) VALUES (422, 9, 'EF69LP19', 'Português', 'Efeitos de sentido de elementos orais');
INSERT INTO criteria (id, year, mec_code, subject, description) VALUES (423, 6, 'EF69LP20', 'Português', 'Estruturas de textos normativos e legais');
INSERT INTO criteria (id, year, mec_code, subject, description) VALUES (424, 7, 'EF69LP20', 'Português', 'Estruturas de textos normativos e legais');
INSERT INTO criteria (id, year, mec_code, subject, description) VALUES (425, 8, 'EF69LP20', 'Português', 'Estruturas de textos normativos e legais');
INSERT INTO criteria (id, year, mec_code, subject, description) VALUES (426, 9, 'EF69LP20', 'Português', 'Estruturas de textos normativos e legais');
INSERT INTO criteria (id, year, mec_code, subject, description) VALUES (427, 6, 'EF69LP21', 'Português', 'Posicionamento em práticas de cunho social');
INSERT INTO criteria (id, year, mec_code, subject, description) VALUES (428, 7, 'EF69LP21', 'Português', 'Posicionamento em práticas de cunho social');
INSERT INTO criteria (id, year, mec_code, subject, description) VALUES (429, 8, 'EF69LP21', 'Português', 'Posicionamento em práticas de cunho social');
INSERT INTO criteria (id, year, mec_code, subject, description) VALUES (430, 9, 'EF69LP21', 'Português', 'Posicionamento em práticas de cunho social');
INSERT INTO criteria (id, year, mec_code, subject, description) VALUES (431, 6, 'EF69LP22', 'Português', 'Textos reivindicatórios ou propositivos de temática social');
INSERT INTO criteria (id, year, mec_code, subject, description) VALUES (432, 7, 'EF69LP22', 'Português', 'Textos reivindicatórios ou propositivos de temática social');
INSERT INTO criteria (id, year, mec_code, subject, description) VALUES (433, 8, 'EF69LP22', 'Português', 'Textos reivindicatórios ou propositivos de temática social');
INSERT INTO criteria (id, year, mec_code, subject, description) VALUES (434, 9, 'EF69LP22', 'Português', 'Textos reivindicatórios ou propositivos de temática social');
INSERT INTO criteria (id, year, mec_code, subject, description) VALUES (435, 6, 'EF69LP23', 'Português', 'Criação de textos normativos societários');
INSERT INTO criteria (id, year, mec_code, subject, description) VALUES (436, 7, 'EF69LP23', 'Português', 'Criação de textos normativos societários');
INSERT INTO criteria (id, year, mec_code, subject, description) VALUES (437, 8, 'EF69LP23', 'Português', 'Criação de textos normativos societários');
INSERT INTO criteria (id, year, mec_code, subject, description) VALUES (438, 9, 'EF69LP23', 'Português', 'Criação de textos normativos societários');
INSERT INTO criteria (id, year, mec_code, subject, description) VALUES (439, 6, 'EF69LP24', 'Português', 'Analisar casos jurídicos e interpretar a legislação');
INSERT INTO criteria (id, year, mec_code, subject, description) VALUES (440, 7, 'EF69LP24', 'Português', 'Analisar casos jurídicos e interpretar a legislação');
INSERT INTO criteria (id, year, mec_code, subject, description) VALUES (441, 8, 'EF69LP24', 'Português', 'Analisar casos jurídicos e interpretar a legislação');
INSERT INTO criteria (id, year, mec_code, subject, description) VALUES (442, 9, 'EF69LP24', 'Português', 'Analisar casos jurídicos e interpretar a legislação');
INSERT INTO criteria (id, year, mec_code, subject, description) VALUES (443, 6, 'EF69LP25', 'Português', 'Posicionamento consistente em discussões');
INSERT INTO criteria (id, year, mec_code, subject, description) VALUES (444, 7, 'EF69LP25', 'Português', 'Posicionamento consistente em discussões');
INSERT INTO criteria (id, year, mec_code, subject, description) VALUES (445, 8, 'EF69LP25', 'Português', 'Posicionamento consistente em discussões');
INSERT INTO criteria (id, year, mec_code, subject, description) VALUES (446, 9, 'EF69LP25', 'Português', 'Posicionamento consistente em discussões');
INSERT INTO criteria (id, year, mec_code, subject, description) VALUES (447, 6, 'EF69LP26', 'Português', 'Tomada de notas para apoio argumentativo');
INSERT INTO criteria (id, year, mec_code, subject, description) VALUES (448, 7, 'EF69LP26', 'Português', 'Tomada de notas para apoio argumentativo');
INSERT INTO criteria (id, year, mec_code, subject, description) VALUES (449, 8, 'EF69LP26', 'Português', 'Tomada de notas para apoio argumentativo');
INSERT INTO criteria (id, year, mec_code, subject, description) VALUES (450, 9, 'EF69LP26', 'Português', 'Tomada de notas para apoio argumentativo');
INSERT INTO criteria (id, year, mec_code, subject, description) VALUES (451, 6, 'EF69LP27', 'Português', 'Textos normativos / jurídicos ');
INSERT INTO criteria (id, year, mec_code, subject, description) VALUES (452, 7, 'EF69LP27', 'Português', 'Textos normativos / jurídicos ');
INSERT INTO criteria (id, year, mec_code, subject, description) VALUES (453, 8, 'EF69LP27', 'Português', 'Textos normativos / jurídicos ');
INSERT INTO criteria (id, year, mec_code, subject, description) VALUES (454, 9, 'EF69LP27', 'Português', 'Textos normativos / jurídicos ');
INSERT INTO criteria (id, year, mec_code, subject, description) VALUES (455, 6, 'EF69LP28', 'Português', 'Modalização em textos jurídicos');
INSERT INTO criteria (id, year, mec_code, subject, description) VALUES (456, 7, 'EF69LP28', 'Português', 'Modalização em textos jurídicos');
INSERT INTO criteria (id, year, mec_code, subject, description) VALUES (457, 8, 'EF69LP28', 'Português', 'Modalização em textos jurídicos');
INSERT INTO criteria (id, year, mec_code, subject, description) VALUES (458, 9, 'EF69LP28', 'Português', 'Modalização em textos jurídicos');
INSERT INTO criteria (id, year, mec_code, subject, description) VALUES (459, 6, 'EF69LP29', 'Português', 'Contexto e composição de textos científicos');
INSERT INTO criteria (id, year, mec_code, subject, description) VALUES (460, 7, 'EF69LP29', 'Português', 'Contexto e composição de textos científicos');
INSERT INTO criteria (id, year, mec_code, subject, description) VALUES (461, 8, 'EF69LP29', 'Português', 'Contexto e composição de textos científicos');
INSERT INTO criteria (id, year, mec_code, subject, description) VALUES (462, 9, 'EF69LP29', 'Português', 'Contexto e composição de textos científicos');
INSERT INTO criteria (id, year, mec_code, subject, description) VALUES (463, 6, 'EF69LP30', 'Português', 'Pensamento crítico e comparação');
INSERT INTO criteria (id, year, mec_code, subject, description) VALUES (464, 7, 'EF69LP30', 'Português', 'Pensamento crítico e comparação');
INSERT INTO criteria (id, year, mec_code, subject, description) VALUES (465, 8, 'EF69LP30', 'Português', 'Pensamento crítico e comparação');
INSERT INTO criteria (id, year, mec_code, subject, description) VALUES (466, 9, 'EF69LP30', 'Português', 'Pensamento crítico e comparação');
INSERT INTO criteria (id, year, mec_code, subject, description) VALUES (467, 6, 'EF69LP31', 'Português', 'Hierarquização de proposições em textos');
INSERT INTO criteria (id, year, mec_code, subject, description) VALUES (468, 7, 'EF69LP31', 'Português', 'Hierarquização de proposições em textos');
INSERT INTO criteria (id, year, mec_code, subject, description) VALUES (469, 8, 'EF69LP31', 'Português', 'Hierarquização de proposições em textos');
INSERT INTO criteria (id, year, mec_code, subject, description) VALUES (470, 9, 'EF69LP31', 'Português', 'Hierarquização de proposições em textos');
INSERT INTO criteria (id, year, mec_code, subject, description) VALUES (471, 6, 'EF69LP32', 'Português', 'Fontes confiáveis de pesquisa e organização informações');
INSERT INTO criteria (id, year, mec_code, subject, description) VALUES (472, 7, 'EF69LP32', 'Português', 'Fontes confiáveis de pesquisa e organização informações');
INSERT INTO criteria (id, year, mec_code, subject, description) VALUES (473, 8, 'EF69LP32', 'Português', 'Fontes confiáveis de pesquisa e organização informações');
INSERT INTO criteria (id, year, mec_code, subject, description) VALUES (474, 9, 'EF69LP32', 'Português', 'Fontes confiáveis de pesquisa e organização informações');
INSERT INTO criteria (id, year, mec_code, subject, description) VALUES (475, 6, 'EF69LP33', 'Português', 'Articular conteúdos verbais e não verbais');
INSERT INTO criteria (id, year, mec_code, subject, description) VALUES (476, 7, 'EF69LP33', 'Português', 'Articular conteúdos verbais e não verbais');
INSERT INTO criteria (id, year, mec_code, subject, description) VALUES (477, 8, 'EF69LP33', 'Português', 'Articular conteúdos verbais e não verbais');
INSERT INTO criteria (id, year, mec_code, subject, description) VALUES (478, 9, 'EF69LP33', 'Português', 'Articular conteúdos verbais e não verbais');
INSERT INTO criteria (id, year, mec_code, subject, description) VALUES (479, 6, 'EF69LP34', 'Português', 'Estratégias de síntese');
INSERT INTO criteria (id, year, mec_code, subject, description) VALUES (480, 7, 'EF69LP34', 'Português', 'Estratégias de síntese');
INSERT INTO criteria (id, year, mec_code, subject, description) VALUES (481, 8, 'EF69LP34', 'Português', 'Estratégias de síntese');
INSERT INTO criteria (id, year, mec_code, subject, description) VALUES (482, 9, 'EF69LP34', 'Português', 'Estratégias de síntese');
INSERT INTO criteria (id, year, mec_code, subject, description) VALUES (483, 6, 'EF69LP35', 'Português', 'Planejar textos de divulgação científica');
INSERT INTO criteria (id, year, mec_code, subject, description) VALUES (484, 7, 'EF69LP35', 'Português', 'Planejar textos de divulgação científica');
INSERT INTO criteria (id, year, mec_code, subject, description) VALUES (485, 8, 'EF69LP35', 'Português', 'Planejar textos de divulgação científica');
INSERT INTO criteria (id, year, mec_code, subject, description) VALUES (486, 9, 'EF69LP35', 'Português', 'Planejar textos de divulgação científica');
INSERT INTO criteria (id, year, mec_code, subject, description) VALUES (487, 6, 'EF69LP36', 'Português', 'Construir textos de divulgação de conhecimento');
INSERT INTO criteria (id, year, mec_code, subject, description) VALUES (488, 7, 'EF69LP36', 'Português', 'Construir textos de divulgação de conhecimento');
INSERT INTO criteria (id, year, mec_code, subject, description) VALUES (489, 8, 'EF69LP36', 'Português', 'Construir textos de divulgação de conhecimento');
INSERT INTO criteria (id, year, mec_code, subject, description) VALUES (490, 9, 'EF69LP36', 'Português', 'Construir textos de divulgação de conhecimento');
INSERT INTO criteria (id, year, mec_code, subject, description) VALUES (491, 6, 'EF69LP37', 'Português', 'Produzir roteiros para elaboração de vídeos');
INSERT INTO criteria (id, year, mec_code, subject, description) VALUES (492, 7, 'EF69LP37', 'Português', 'Produzir roteiros para elaboração de vídeos');
INSERT INTO criteria (id, year, mec_code, subject, description) VALUES (493, 8, 'EF69LP37', 'Português', 'Produzir roteiros para elaboração de vídeos');
INSERT INTO criteria (id, year, mec_code, subject, description) VALUES (494, 9, 'EF69LP37', 'Português', 'Produzir roteiros para elaboração de vídeos');
INSERT INTO criteria (id, year, mec_code, subject, description) VALUES (495, 6, 'EF69LP38', 'Português', 'Síntese de pesquisas para elaboração de roteiros');
INSERT INTO criteria (id, year, mec_code, subject, description) VALUES (496, 7, 'EF69LP38', 'Português', 'Síntese de pesquisas para elaboração de roteiros');
INSERT INTO criteria (id, year, mec_code, subject, description) VALUES (497, 8, 'EF69LP38', 'Português', 'Síntese de pesquisas para elaboração de roteiros');
INSERT INTO criteria (id, year, mec_code, subject, description) VALUES (498, 9, 'EF69LP38', 'Português', 'Síntese de pesquisas para elaboração de roteiros');
INSERT INTO criteria (id, year, mec_code, subject, description) VALUES (499, 6, 'EF69LP39', 'Português', 'Planejar e realizar entrevistas');
INSERT INTO criteria (id, year, mec_code, subject, description) VALUES (500, 7, 'EF69LP39', 'Português', 'Planejar e realizar entrevistas');
INSERT INTO criteria (id, year, mec_code, subject, description) VALUES (501, 8, 'EF69LP39', 'Português', 'Planejar e realizar entrevistas');
INSERT INTO criteria (id, year, mec_code, subject, description) VALUES (502, 9, 'EF69LP39', 'Português', 'Planejar e realizar entrevistas');
INSERT INTO criteria (id, year, mec_code, subject, description) VALUES (503, 6, 'EF69LP40', 'Português', 'Gêneros de apresentação: estrutura');
INSERT INTO criteria (id, year, mec_code, subject, description) VALUES (504, 7, 'EF69LP40', 'Português', 'Gêneros de apresentação: estrutura');
INSERT INTO criteria (id, year, mec_code, subject, description) VALUES (505, 8, 'EF69LP40', 'Português', 'Gêneros de apresentação: estrutura');
INSERT INTO criteria (id, year, mec_code, subject, description) VALUES (506, 9, 'EF69LP40', 'Português', 'Gêneros de apresentação: estrutura');
INSERT INTO criteria (id, year, mec_code, subject, description) VALUES (507, 6, 'EF69LP41', 'Português', 'Utilização de apoio visual em apresentações');
INSERT INTO criteria (id, year, mec_code, subject, description) VALUES (508, 7, 'EF69LP41', 'Português', 'Utilização de apoio visual em apresentações');
INSERT INTO criteria (id, year, mec_code, subject, description) VALUES (509, 8, 'EF69LP41', 'Português', 'Utilização de apoio visual em apresentações');
INSERT INTO criteria (id, year, mec_code, subject, description) VALUES (510, 9, 'EF69LP41', 'Português', 'Utilização de apoio visual em apresentações');
INSERT INTO criteria (id, year, mec_code, subject, description) VALUES (511, 6, 'EF69LP42', 'Português', 'Textos de divulgação de conhecimento: estrutura');
INSERT INTO criteria (id, year, mec_code, subject, description) VALUES (512, 7, 'EF69LP42', 'Português', 'Textos de divulgação de conhecimento: estrutura');
INSERT INTO criteria (id, year, mec_code, subject, description) VALUES (513, 8, 'EF69LP42', 'Português', 'Textos de divulgação de conhecimento: estrutura');
INSERT INTO criteria (id, year, mec_code, subject, description) VALUES (514, 9, 'EF69LP42', 'Português', 'Textos de divulgação de conhecimento: estrutura');
INSERT INTO criteria (id, year, mec_code, subject, description) VALUES (515, 6, 'EF69LP43', 'Português', 'Diferentes vozes nos textos científicos');
INSERT INTO criteria (id, year, mec_code, subject, description) VALUES (516, 7, 'EF69LP43', 'Português', 'Diferentes vozes nos textos científicos');
INSERT INTO criteria (id, year, mec_code, subject, description) VALUES (517, 8, 'EF69LP43', 'Português', 'Diferentes vozes nos textos científicos');
INSERT INTO criteria (id, year, mec_code, subject, description) VALUES (518, 9, 'EF69LP43', 'Português', 'Diferentes vozes nos textos científicos');
INSERT INTO criteria (id, year, mec_code, subject, description) VALUES (519, 6, 'EF69LP44', 'Português', 'Multiplicidade de perspectivas de mundo em textos');
INSERT INTO criteria (id, year, mec_code, subject, description) VALUES (520, 7, 'EF69LP44', 'Português', 'Multiplicidade de perspectivas de mundo em textos');
INSERT INTO criteria (id, year, mec_code, subject, description) VALUES (521, 8, 'EF69LP44', 'Português', 'Multiplicidade de perspectivas de mundo em textos');
INSERT INTO criteria (id, year, mec_code, subject, description) VALUES (522, 9, 'EF69LP44', 'Português', 'Multiplicidade de perspectivas de mundo em textos');
INSERT INTO criteria (id, year, mec_code, subject, description) VALUES (523, 6, 'EF69LP45', 'Português', 'Posicionamento crítico');
INSERT INTO criteria (id, year, mec_code, subject, description) VALUES (524, 7, 'EF69LP45', 'Português', 'Posicionamento crítico');
INSERT INTO criteria (id, year, mec_code, subject, description) VALUES (525, 8, 'EF69LP45', 'Português', 'Posicionamento crítico');
INSERT INTO criteria (id, year, mec_code, subject, description) VALUES (526, 9, 'EF69LP45', 'Português', 'Posicionamento crítico');
INSERT INTO criteria (id, year, mec_code, subject, description) VALUES (527, 6, 'EF69LP46', 'Português', 'Compartilhamento de apreciações artísticas');
INSERT INTO criteria (id, year, mec_code, subject, description) VALUES (528, 7, 'EF69LP46', 'Português', 'Compartilhamento de apreciações artísticas');
INSERT INTO criteria (id, year, mec_code, subject, description) VALUES (529, 8, 'EF69LP46', 'Português', 'Compartilhamento de apreciações artísticas');
INSERT INTO criteria (id, year, mec_code, subject, description) VALUES (530, 9, 'EF69LP46', 'Português', 'Compartilhamento de apreciações artísticas');
INSERT INTO criteria (id, year, mec_code, subject, description) VALUES (531, 6, 'EF69LP47', 'Português', 'Estruturas de textos narrativos ficcionais');
INSERT INTO criteria (id, year, mec_code, subject, description) VALUES (532, 7, 'EF69LP47', 'Português', 'Estruturas de textos narrativos ficcionais');
INSERT INTO criteria (id, year, mec_code, subject, description) VALUES (533, 8, 'EF69LP47', 'Português', 'Estruturas de textos narrativos ficcionais');
INSERT INTO criteria (id, year, mec_code, subject, description) VALUES (534, 9, 'EF69LP47', 'Português', 'Estruturas de textos narrativos ficcionais');
INSERT INTO criteria (id, year, mec_code, subject, description) VALUES (535, 6, 'EF69LP48', 'Português', 'Efeitos de sentido em poemas');
INSERT INTO criteria (id, year, mec_code, subject, description) VALUES (536, 7, 'EF69LP48', 'Português', 'Efeitos de sentido em poemas');
INSERT INTO criteria (id, year, mec_code, subject, description) VALUES (537, 8, 'EF69LP48', 'Português', 'Efeitos de sentido em poemas');
INSERT INTO criteria (id, year, mec_code, subject, description) VALUES (538, 9, 'EF69LP48', 'Português', 'Efeitos de sentido em poemas');
INSERT INTO criteria (id, year, mec_code, subject, description) VALUES (539, 6, 'EF69LP49', 'Português', 'Adesão à leitura e à literatura');
INSERT INTO criteria (id, year, mec_code, subject, description) VALUES (540, 7, 'EF69LP49', 'Português', 'Adesão à leitura e à literatura');
INSERT INTO criteria (id, year, mec_code, subject, description) VALUES (541, 8, 'EF69LP49', 'Português', 'Adesão à leitura e à literatura');
INSERT INTO criteria (id, year, mec_code, subject, description) VALUES (542, 9, 'EF69LP49', 'Português', 'Adesão à leitura e à literatura');
INSERT INTO criteria (id, year, mec_code, subject, description) VALUES (543, 6, 'EF69LP50', 'Português', 'Elaboração de texto teatral');
INSERT INTO criteria (id, year, mec_code, subject, description) VALUES (544, 7, 'EF69LP50', 'Português', 'Elaboração de texto teatral');
INSERT INTO criteria (id, year, mec_code, subject, description) VALUES (545, 8, 'EF69LP50', 'Português', 'Elaboração de texto teatral');
INSERT INTO criteria (id, year, mec_code, subject, description) VALUES (546, 9, 'EF69LP50', 'Português', 'Elaboração de texto teatral');
INSERT INTO criteria (id, year, mec_code, subject, description) VALUES (547, 6, 'EF69LP51', 'Português', 'Escrita e revisão de textos literários');
INSERT INTO criteria (id, year, mec_code, subject, description) VALUES (548, 7, 'EF69LP51', 'Português', 'Escrita e revisão de textos literários');
INSERT INTO criteria (id, year, mec_code, subject, description) VALUES (549, 8, 'EF69LP51', 'Português', 'Escrita e revisão de textos literários');
INSERT INTO criteria (id, year, mec_code, subject, description) VALUES (550, 9, 'EF69LP51', 'Português', 'Escrita e revisão de textos literários');
INSERT INTO criteria (id, year, mec_code, subject, description) VALUES (551, 6, 'EF69LP52', 'Português', 'Produção de cenas ou textos dramáticos');
INSERT INTO criteria (id, year, mec_code, subject, description) VALUES (552, 7, 'EF69LP52', 'Português', 'Produção de cenas ou textos dramáticos');
INSERT INTO criteria (id, year, mec_code, subject, description) VALUES (553, 8, 'EF69LP52', 'Português', 'Produção de cenas ou textos dramáticos');
INSERT INTO criteria (id, year, mec_code, subject, description) VALUES (554, 9, 'EF69LP52', 'Português', 'Produção de cenas ou textos dramáticos');
INSERT INTO criteria (id, year, mec_code, subject, description) VALUES (555, 6, 'EF69LP53', 'Português', 'Leitura oral de textos literários');
INSERT INTO criteria (id, year, mec_code, subject, description) VALUES (556, 7, 'EF69LP53', 'Português', 'Leitura oral de textos literários');
INSERT INTO criteria (id, year, mec_code, subject, description) VALUES (557, 8, 'EF69LP53', 'Português', 'Leitura oral de textos literários');
INSERT INTO criteria (id, year, mec_code, subject, description) VALUES (558, 9, 'EF69LP53', 'Português', 'Leitura oral de textos literários');
INSERT INTO criteria (id, year, mec_code, subject, description) VALUES (559, 6, 'EF69LP54', 'Português', 'Efeitos de sentido da paralinguagem e cinesia');
INSERT INTO criteria (id, year, mec_code, subject, description) VALUES (560, 7, 'EF69LP54', 'Português', 'Efeitos de sentido da paralinguagem e cinesia');
INSERT INTO criteria (id, year, mec_code, subject, description) VALUES (561, 8, 'EF69LP54', 'Português', 'Efeitos de sentido da paralinguagem e cinesia');
INSERT INTO criteria (id, year, mec_code, subject, description) VALUES (562, 9, 'EF69LP54', 'Português', 'Efeitos de sentido da paralinguagem e cinesia');
INSERT INTO criteria (id, year, mec_code, subject, description) VALUES (563, 6, 'EF69LP55', 'Português', 'Variação linguística e preconceitos');
INSERT INTO criteria (id, year, mec_code, subject, description) VALUES (564, 7, 'EF69LP55', 'Português', 'Variação linguística e preconceitos');
INSERT INTO criteria (id, year, mec_code, subject, description) VALUES (565, 8, 'EF69LP55', 'Português', 'Variação linguística e preconceitos');
INSERT INTO criteria (id, year, mec_code, subject, description) VALUES (566, 9, 'EF69LP55', 'Português', 'Variação linguística e preconceitos');
INSERT INTO criteria (id, year, mec_code, subject, description) VALUES (567, 6, 'EF69LP56', 'Português', 'Uso da norma-padrão na fala e na escrita');
INSERT INTO criteria (id, year, mec_code, subject, description) VALUES (568, 7, 'EF69LP56', 'Português', 'Uso da norma-padrão na fala e na escrita');
INSERT INTO criteria (id, year, mec_code, subject, description) VALUES (569, 8, 'EF69LP56', 'Português', 'Uso da norma-padrão na fala e na escrita');
INSERT INTO criteria (id, year, mec_code, subject, description) VALUES (570, 9, 'EF69LP56', 'Português', 'Uso da norma-padrão na fala e na escrita');
INSERT INTO criteria (id, year, mec_code, subject, description) VALUES (571, 7, 'EF07LP01', 'Português', 'Propostas editoriais e seus efeitos');
INSERT INTO criteria (id, year, mec_code, subject, description) VALUES (572, 7, 'EF07LP02', 'Português', 'Comparação de diferentes notícias sobre o mesmo fato');
INSERT INTO criteria (id, year, mec_code, subject, description) VALUES (573, 7, 'EF07LP03', 'Português', 'Derivação de palavras por afixos');
INSERT INTO criteria (id, year, mec_code, subject, description) VALUES (574, 7, 'EF07LP04', 'Português', 'Verbo como núcleo das orações');
INSERT INTO criteria (id, year, mec_code, subject, description) VALUES (575, 7, 'EF07LP05', 'Português', 'Verbos transitivos e intransitivos');
INSERT INTO criteria (id, year, mec_code, subject, description) VALUES (576, 7, 'EF07LP06', 'Português', 'Concordância nominal e verbal');
INSERT INTO criteria (id, year, mec_code, subject, description) VALUES (577, 7, 'EF07LP07', 'Português', 'Estruturas básicas da oração');
INSERT INTO criteria (id, year, mec_code, subject, description) VALUES (578, 7, 'EF07LP08', 'Português', 'Complemento verbal e características do sujeito');
INSERT INTO criteria (id, year, mec_code, subject, description) VALUES (579, 7, 'EF07LP09', 'Português', 'Advérbios na oração');
INSERT INTO criteria (id, year, mec_code, subject, description) VALUES (580, 7, 'EF07LP10', 'Português', 'Produção textual: conhecimentos linguísticos');
INSERT INTO criteria (id, year, mec_code, subject, description) VALUES (581, 7, 'EF07LP11', 'Português', 'Períodos compostos: aditivas e adversativas');
INSERT INTO criteria (id, year, mec_code, subject, description) VALUES (582, 7, 'EF07LP12', 'Português', 'Recursos de coesão referencial: substituições');
INSERT INTO criteria (id, year, mec_code, subject, description) VALUES (583, 7, 'EF07LP13', 'Português', 'Identificar substituições lexicais ou pronominais');
INSERT INTO criteria (id, year, mec_code, subject, description) VALUES (584, 7, 'EF07LP14', 'Português', 'Efeitos de sentido de modalização e argumentatividade');
INSERT INTO criteria (id, year, mec_code, subject, description) VALUES (585, 8, 'EF08LP01', 'Português', 'Distinções entre editorias jornalísticas');
INSERT INTO criteria (id, year, mec_code, subject, description) VALUES (586, 8, 'EF08LP02', 'Português', 'Tratamento de um fato em diferentes textos');
INSERT INTO criteria (id, year, mec_code, subject, description) VALUES (587, 8, 'EF08LP03', 'Português', 'Produção de artigo de opinião');
INSERT INTO criteria (id, year, mec_code, subject, description) VALUES (588, 8, 'EF08LP04', 'Português', 'Produção textual: conhecimento linguístico');
INSERT INTO criteria (id, year, mec_code, subject, description) VALUES (589, 8, 'EF08LP05', 'Português', 'Formação de palavras por composição');
INSERT INTO criteria (id, year, mec_code, subject, description) VALUES (590, 8, 'EF08LP06', 'Português', 'Termos constitutivos da oração');
INSERT INTO criteria (id, year, mec_code, subject, description) VALUES (591, 8, 'EF08LP07', 'Português', 'Complementos verbais diretos e indiretos');
INSERT INTO criteria (id, year, mec_code, subject, description) VALUES (592, 8, 'EF08LP08', 'Português', 'Voz ativa e voz passiva');
INSERT INTO criteria (id, year, mec_code, subject, description) VALUES (593, 8, 'EF08LP09', 'Português', 'Efeitos de sentido de adjuntos adnomiais');
INSERT INTO criteria (id, year, mec_code, subject, description) VALUES (594, 8, 'EF08LP10', 'Português', 'Efeitos de sentido de adjuntos adverbiais');
INSERT INTO criteria (id, year, mec_code, subject, description) VALUES (595, 8, 'EF08LP11', 'Português', 'Identificar coordenação e subordinação em períodos');
INSERT INTO criteria (id, year, mec_code, subject, description) VALUES (596, 8, 'EF08LP12', 'Português', 'Identificar orações subordinadas');
INSERT INTO criteria (id, year, mec_code, subject, description) VALUES (597, 8, 'EF08LP13', 'Português', 'Efeitos de sentido da coesão sequencial');
INSERT INTO criteria (id, year, mec_code, subject, description) VALUES (598, 8, 'EF08LP14', 'Português', 'Utilizar recursos de coesão e expressividade em textos');
INSERT INTO criteria (id, year, mec_code, subject, description) VALUES (599, 8, 'EF08LP15', 'Português', 'Identificar relações entre partes do texto');
INSERT INTO criteria (id, year, mec_code, subject, description) VALUES (600, 8, 'EF08LP16', 'Português', 'Modalização e argumentatividade');
INSERT INTO criteria (id, year, mec_code, subject, description) VALUES (601, 8, 'EF89LP01', 'Português', 'Criticidade frente a textos jornalísticos');
INSERT INTO criteria (id, year, mec_code, subject, description) VALUES (602, 9, 'EF89LP01', 'Português', 'Criticidade frente a textos jornalísticos');
INSERT INTO criteria (id, year, mec_code, subject, description) VALUES (603, 8, 'EF89LP02', 'Português', 'Criticidade e ética na cultura digital');
INSERT INTO criteria (id, year, mec_code, subject, description) VALUES (604, 9, 'EF89LP02', 'Português', 'Criticidade e ética na cultura digital');
INSERT INTO criteria (id, year, mec_code, subject, description) VALUES (605, 8, 'EF89LP03', 'Português', 'Criticidade e ética frente a textos de opinião');
INSERT INTO criteria (id, year, mec_code, subject, description) VALUES (606, 9, 'EF89LP03', 'Português', 'Criticidade e ética frente a textos de opinião');
INSERT INTO criteria (id, year, mec_code, subject, description) VALUES (607, 8, 'EF89LP04', 'Português', 'Identificar e réplica a textos imparciais');
INSERT INTO criteria (id, year, mec_code, subject, description) VALUES (608, 9, 'EF89LP04', 'Português', 'Identificar e réplica a textos imparciais');
INSERT INTO criteria (id, year, mec_code, subject, description) VALUES (609, 8, 'EF89LP05', 'Português', 'Efeitos de sentido da apropriação textual');
INSERT INTO criteria (id, year, mec_code, subject, description) VALUES (610, 9, 'EF89LP05', 'Português', 'Efeitos de sentido da apropriação textual');
INSERT INTO criteria (id, year, mec_code, subject, description) VALUES (611, 8, 'EF89LP06', 'Português', 'Persuasão em textos argumentativos');
INSERT INTO criteria (id, year, mec_code, subject, description) VALUES (612, 9, 'EF89LP06', 'Português', 'Persuasão em textos argumentativos');
INSERT INTO criteria (id, year, mec_code, subject, description) VALUES (613, 8, 'EF89LP07', 'Português', 'Elementos sensoriais e multissemiose na mídia');
INSERT INTO criteria (id, year, mec_code, subject, description) VALUES (614, 9, 'EF89LP07', 'Português', 'Elementos sensoriais e multissemiose na mídia');
INSERT INTO criteria (id, year, mec_code, subject, description) VALUES (615, 8, 'EF89LP08', 'Português', 'Planejamento de texto informativo');
INSERT INTO criteria (id, year, mec_code, subject, description) VALUES (616, 9, 'EF89LP08', 'Português', 'Planejamento de texto informativo');
INSERT INTO criteria (id, year, mec_code, subject, description) VALUES (617, 8, 'EF89LP09', 'Português', 'Produção de reportagem');
INSERT INTO criteria (id, year, mec_code, subject, description) VALUES (618, 9, 'EF89LP09', 'Português', 'Produção de reportagem');
INSERT INTO criteria (id, year, mec_code, subject, description) VALUES (619, 8, 'EF89LP10', 'Português', 'Planejamento de artigo de opinião');
INSERT INTO criteria (id, year, mec_code, subject, description) VALUES (620, 9, 'EF89LP10', 'Português', 'Planejamento de artigo de opinião');
INSERT INTO criteria (id, year, mec_code, subject, description) VALUES (621, 8, 'EF89LP11', 'Português', 'Produzir e revisar peças e campanhas publicitárias');
INSERT INTO criteria (id, year, mec_code, subject, description) VALUES (622, 9, 'EF89LP11', 'Português', 'Produzir e revisar peças e campanhas publicitárias');
INSERT INTO criteria (id, year, mec_code, subject, description) VALUES (623, 8, 'EF89LP12', 'Português', 'Planejamento de debate regrado');
INSERT INTO criteria (id, year, mec_code, subject, description) VALUES (624, 9, 'EF89LP12', 'Português', 'Planejamento de debate regrado');
INSERT INTO criteria (id, year, mec_code, subject, description) VALUES (625, 8, 'EF89LP13', 'Português', 'Planejamento de entrevistas orais');
INSERT INTO criteria (id, year, mec_code, subject, description) VALUES (626, 9, 'EF89LP13', 'Português', 'Planejamento de entrevistas orais');
INSERT INTO criteria (id, year, mec_code, subject, description) VALUES (627, 8, 'EF89LP14', 'Português', 'Estratégias argumentativas em texto');
INSERT INTO criteria (id, year, mec_code, subject, description) VALUES (628, 9, 'EF89LP14', 'Português', 'Estratégias argumentativas em texto');
INSERT INTO criteria (id, year, mec_code, subject, description) VALUES (629, 8, 'EF89LP15', 'Português', 'Utilizar operadores argumentativos em debates');
INSERT INTO criteria (id, year, mec_code, subject, description) VALUES (630, 9, 'EF89LP15', 'Português', 'Utilizar operadores argumentativos em debates');
INSERT INTO criteria (id, year, mec_code, subject, description) VALUES (631, 8, 'EF89LP16', 'Português', 'Modalização em textos noticiosos e argumentativos');
INSERT INTO criteria (id, year, mec_code, subject, description) VALUES (632, 9, 'EF89LP16', 'Português', 'Modalização em textos noticiosos e argumentativos');
INSERT INTO criteria (id, year, mec_code, subject, description) VALUES (633, 8, 'EF89LP17', 'Português', 'Contexto de produção de textos legais e normativos');
INSERT INTO criteria (id, year, mec_code, subject, description) VALUES (634, 9, 'EF89LP17', 'Português', 'Contexto de produção de textos legais e normativos');
INSERT INTO criteria (id, year, mec_code, subject, description) VALUES (635, 8, 'EF89LP18', 'Português', 'Exploração de canais de participação social');
INSERT INTO criteria (id, year, mec_code, subject, description) VALUES (636, 9, 'EF89LP18', 'Português', 'Exploração de canais de participação social');
INSERT INTO criteria (id, year, mec_code, subject, description) VALUES (637, 8, 'EF89LP19', 'Português', 'Cartas abertas, abaixo-assinados e petições');
INSERT INTO criteria (id, year, mec_code, subject, description) VALUES (638, 9, 'EF89LP19', 'Português', 'Cartas abertas, abaixo-assinados e petições');
INSERT INTO criteria (id, year, mec_code, subject, description) VALUES (639, 8, 'EF89LP20', 'Português', 'Análise de propostas políticas e de solução de problemas');
INSERT INTO criteria (id, year, mec_code, subject, description) VALUES (640, 9, 'EF89LP20', 'Português', 'Análise de propostas políticas e de solução de problemas');
INSERT INTO criteria (id, year, mec_code, subject, description) VALUES (641, 8, 'EF89LP21', 'Português', 'Realizar pesquisas de opinião com temáticas de cunho social');
INSERT INTO criteria (id, year, mec_code, subject, description) VALUES (642, 9, 'EF89LP21', 'Português', 'Realizar pesquisas de opinião com temáticas de cunho social');
INSERT INTO criteria (id, year, mec_code, subject, description) VALUES (643, 8, 'EF89LP22', 'Português', 'Comparar diferentes teses em discussões');
INSERT INTO criteria (id, year, mec_code, subject, description) VALUES (644, 9, 'EF89LP22', 'Português', 'Comparar diferentes teses em discussões');
INSERT INTO criteria (id, year, mec_code, subject, description) VALUES (645, 8, 'EF89LP23', 'Português', 'Estratégias de argumentação em textos argumentativos');
INSERT INTO criteria (id, year, mec_code, subject, description) VALUES (646, 9, 'EF89LP23', 'Português', 'Estratégias de argumentação em textos argumentativos');
INSERT INTO criteria (id, year, mec_code, subject, description) VALUES (647, 8, 'EF89LP24', 'Português', 'Pesquisas com fontes confiáveis');
INSERT INTO criteria (id, year, mec_code, subject, description) VALUES (648, 9, 'EF89LP24', 'Português', 'Pesquisas com fontes confiáveis');
INSERT INTO criteria (id, year, mec_code, subject, description) VALUES (649, 8, 'EF89LP25', 'Português', 'Divulgação do resultado de pesquisas');
INSERT INTO criteria (id, year, mec_code, subject, description) VALUES (650, 9, 'EF89LP25', 'Português', 'Divulgação do resultado de pesquisas');
INSERT INTO criteria (id, year, mec_code, subject, description) VALUES (651, 8, 'EF89LP26', 'Português', 'Produção de resenhas');
INSERT INTO criteria (id, year, mec_code, subject, description) VALUES (652, 9, 'EF89LP26', 'Português', 'Produção de resenhas');
INSERT INTO criteria (id, year, mec_code, subject, description) VALUES (653, 8, 'EF89LP27', 'Português', 'Formular considerações e problematizações');
INSERT INTO criteria (id, year, mec_code, subject, description) VALUES (654, 9, 'EF89LP27', 'Português', 'Formular considerações e problematizações');
INSERT INTO criteria (id, year, mec_code, subject, description) VALUES (655, 8, 'EF89LP28', 'Português', 'Tomar notas de materiais em vídeos');
INSERT INTO criteria (id, year, mec_code, subject, description) VALUES (656, 9, 'EF89LP28', 'Português', 'Tomar notas de materiais em vídeos');
INSERT INTO criteria (id, year, mec_code, subject, description) VALUES (657, 8, 'EF89LP29', 'Português', 'Mecanismos de progressão temática');
INSERT INTO criteria (id, year, mec_code, subject, description) VALUES (658, 9, 'EF89LP29', 'Português', 'Mecanismos de progressão temática');
INSERT INTO criteria (id, year, mec_code, subject, description) VALUES (659, 8, 'EF89LP30', 'Português', 'Hipertexto e hiperlinks em textos científicos');
INSERT INTO criteria (id, year, mec_code, subject, description) VALUES (660, 9, 'EF89LP30', 'Português', 'Hipertexto e hiperlinks em textos científicos');
INSERT INTO criteria (id, year, mec_code, subject, description) VALUES (661, 8, 'EF89LP31', 'Português', 'Modalização epistêmica');
INSERT INTO criteria (id, year, mec_code, subject, description) VALUES (662, 9, 'EF89LP31', 'Português', 'Modalização epistêmica');
INSERT INTO criteria (id, year, mec_code, subject, description) VALUES (663, 8, 'EF89LP32', 'Português', 'Efeitos de sentido de intertextualidades');
INSERT INTO criteria (id, year, mec_code, subject, description) VALUES (664, 9, 'EF89LP32', 'Português', 'Efeitos de sentido de intertextualidades');
INSERT INTO criteria (id, year, mec_code, subject, description) VALUES (665, 8, 'EF89LP33', 'Português', 'Leitura e compreensão de gêneros literários');
INSERT INTO criteria (id, year, mec_code, subject, description) VALUES (666, 9, 'EF89LP33', 'Português', 'Leitura e compreensão de gêneros literários');
INSERT INTO criteria (id, year, mec_code, subject, description) VALUES (667, 8, 'EF89LP34', 'Português', 'Organização de textos dramáticos');
INSERT INTO criteria (id, year, mec_code, subject, description) VALUES (668, 9, 'EF89LP34', 'Português', 'Organização de textos dramáticos');
INSERT INTO criteria (id, year, mec_code, subject, description) VALUES (669, 8, 'EF89LP35', 'Português', 'Criação de narrativas');
INSERT INTO criteria (id, year, mec_code, subject, description) VALUES (670, 9, 'EF89LP35', 'Português', 'Criação de narrativas');
INSERT INTO criteria (id, year, mec_code, subject, description) VALUES (671, 8, 'EF89LP36', 'Português', 'Paródia e criação de poemas');
INSERT INTO criteria (id, year, mec_code, subject, description) VALUES (672, 9, 'EF89LP36', 'Português', 'Paródia e criação de poemas');
INSERT INTO criteria (id, year, mec_code, subject, description) VALUES (673, 8, 'EF89LP37', 'Português', 'Figuras de linguagem');
INSERT INTO criteria (id, year, mec_code, subject, description) VALUES (674, 9, 'EF89LP37', 'Português', 'Figuras de linguagem');
INSERT INTO criteria (id, year, mec_code, subject, description) VALUES (675, 9, 'EF09LP01', 'Português', 'A propagação de notícias falsas');
INSERT INTO criteria (id, year, mec_code, subject, description) VALUES (676, 9, 'EF09LP02', 'Português', 'Coberturas de imprensas sobre fatos sociais');
INSERT INTO criteria (id, year, mec_code, subject, description) VALUES (677, 9, 'EF09LP03', 'Português', 'Produção de artigos de opinião');
INSERT INTO criteria (id, year, mec_code, subject, description) VALUES (678, 9, 'EF09LP04', 'Português', 'Escrita de acordo com a norma-padrão');
INSERT INTO criteria (id, year, mec_code, subject, description) VALUES (679, 9, 'EF09LP05', 'Português', 'Orações e suas estruturas');
INSERT INTO criteria (id, year, mec_code, subject, description) VALUES (680, 9, 'EF09LP06', 'Português', 'Efeitos de sentido dos verbos de ligação');
INSERT INTO criteria (id, year, mec_code, subject, description) VALUES (681, 9, 'EF09LP07', 'Português', 'Regências: norma-padrão e oralidade');
INSERT INTO criteria (id, year, mec_code, subject, description) VALUES (682, 9, 'EF09LP08', 'Português', 'Relação estabelecida por conjunções');
INSERT INTO criteria (id, year, mec_code, subject, description) VALUES (683, 9, 'EF09LP09', 'Português', 'Orações adjetivas restritivas e explicativas');
INSERT INTO criteria (id, year, mec_code, subject, description) VALUES (684, 9, 'EF09LP10', 'Português', 'Colocação pronominal: norma-padrão e coloquialidade');
INSERT INTO criteria (id, year, mec_code, subject, description) VALUES (685, 9, 'EF09LP11', 'Português', 'Efeitos de sentido da coesão sequencial');
INSERT INTO criteria (id, year, mec_code, subject, description) VALUES (686, 9, 'EF09LP12', 'Português', 'Estrangeirismos e suas classificações');
INSERT INTO criteria (id, year, mec_code, subject, description) VALUES (687, 6, 'EF06MA05', 'Matemática', 'Classificação, multiplicidade e divisibilidade de números');
INSERT INTO criteria (id, year, mec_code, subject, description) VALUES (688, 6, 'EF06HI01', 'História', 'Noção de tempo e periodização dos processos históricos');
INSERT INTO criteria (id, year, mec_code, subject, description) VALUES (689, 6, 'EF06HI02', 'História', 'Produção do saber histórico e formas de registro');
INSERT INTO criteria (id, year, mec_code, subject, description) VALUES (690, 6, 'EF06HI03', 'História', 'Hipóteses da origem humana e mitos da fundação');
INSERT INTO criteria (id, year, mec_code, subject, description) VALUES (691, 6, 'EF06HI04', 'História', 'Teorias sobre a origem do homem americano');
INSERT INTO criteria (id, year, mec_code, subject, description) VALUES (692, 6, 'EF06HI05', 'História', 'Mudanças na natureza realizadas por diferentes sociedades');
INSERT INTO criteria (id, year, mec_code, subject, description) VALUES (693, 6, 'EF06HI06', 'História', 'Rotas de povoamento no território americano');
INSERT INTO criteria (id, year, mec_code, subject, description) VALUES (694, 6, 'EF06HI07', 'História', 'África, Oriente Médio e Américas: sociedades e formas de registro');
INSERT INTO criteria (id, year, mec_code, subject, description) VALUES (695, 6, 'EF06HI08', 'História', 'Astecas, maias, incas e povos indígenas brasileiros');
INSERT INTO criteria (id, year, mec_code, subject, description) VALUES (696, 6, 'EF06HI09', 'História', 'Antiguidade Clássica e seu impacto');
INSERT INTO criteria (id, year, mec_code, subject, description) VALUES (697, 6, 'EF06HI10', 'História', 'Formação da Grécia Antiga');
INSERT INTO criteria (id, year, mec_code, subject, description) VALUES (698, 6, 'EF06HI11', 'História', 'Formação da Roma Antiga');
INSERT INTO criteria (id, year, mec_code, subject, description) VALUES (699, 6, 'EF06HI12', 'História', 'Cidadania e política na Grécia e Roma antigas');
INSERT INTO criteria (id, year, mec_code, subject, description) VALUES (700, 6, 'EF06HI13', 'História', 'Conceituar ""império"" no mundo antigo');
INSERT INTO criteria (id, year, mec_code, subject, description) VALUES (701, 6, 'EF06HI14', 'História', 'Contato, adaptação e exclusão entre populações');
INSERT INTO criteria (id, year, mec_code, subject, description) VALUES (702, 6, 'EF06HI15', 'História', 'Circulação de pessoas e produtos no Mediterrâneo');
INSERT INTO criteria (id, year, mec_code, subject, description) VALUES (703, 6, 'EF06HI16', 'História', 'Abastecimento, organização do trabalho e vida social');
INSERT INTO criteria (id, year, mec_code, subject, description) VALUES (704, 6, 'EF06HI17', 'História', 'Escravidão, servidão e trabalho livre na antiguidade');
INSERT INTO criteria (id, year, mec_code, subject, description) VALUES (705, 6, 'EF06HI18', 'História', 'O cristianismo na cultura e organização social medieval');
INSERT INTO criteria (id, year, mec_code, subject, description) VALUES (706, 6, 'EF06HI19', 'História', 'Papéis da mulher na antiguidade');
INSERT INTO criteria (id, year, mec_code, subject, description) VALUES (707, 7, 'EF07HI01', 'História', 'Conceituar ""modernidade"" e suas lógicas de inclusão e exclusão');
INSERT INTO criteria (id, year, mec_code, subject, description) VALUES (708, 7, 'EF07HI02', 'História', 'Interações entre sociedades no período das navegações');
INSERT INTO criteria (id, year, mec_code, subject, description) VALUES (709, 7, 'EF07HI03', 'História', 'Sociedades africanas e americanas pré-coloniais');
INSERT INTO criteria (id, year, mec_code, subject, description) VALUES (710, 7, 'EF07HI04', 'História', 'Renascimentos e Humanismos');
INSERT INTO criteria (id, year, mec_code, subject, description) VALUES (711, 7, 'EF07HI05', 'História', 'Reformas religiosas e o período moderno');
INSERT INTO criteria (id, year, mec_code, subject, description) VALUES (712, 7, 'EF07HI06', 'História', 'Navegações no Atlântico e no Pacífico nos séculos XIV-XVI');
INSERT INTO criteria (id, year, mec_code, subject, description) VALUES (713, 7, 'EF07HI07', 'História', 'Formação e características de monarquias');
INSERT INTO criteria (id, year, mec_code, subject, description) VALUES (714, 7, 'EF07HI08', 'História', 'Sociedades americanas no tempo da conquista');
INSERT INTO criteria (id, year, mec_code, subject, description) VALUES (715, 7, 'EF07HI09', 'História', 'Domínio europeu na América e resistência');
INSERT INTO criteria (id, year, mec_code, subject, description) VALUES (716, 7, 'EF07HI10', 'História', 'Dinâmicas sociais da América colonial');
INSERT INTO criteria (id, year, mec_code, subject, description) VALUES (717, 7, 'EF07HI11', 'História', 'Formação histórico-geográfica da América portuguesa');
INSERT INTO criteria (id, year, mec_code, subject, description) VALUES (718, 7, 'EF07HI12', 'História', 'Distribuição populacional no Brasil historicamente');
INSERT INTO criteria (id, year, mec_code, subject, description) VALUES (719, 7, 'EF07HI13', 'História', 'O europeu no domínio no mundo atlântico');
INSERT INTO criteria (id, year, mec_code, subject, description) VALUES (720, 7, 'EF07HI14', 'História', 'Sociedades americanas e africanas: interações com Ocidente e Oriente');
INSERT INTO criteria (id, year, mec_code, subject, description) VALUES (721, 7, 'EF07HI15', 'História', 'Escravidão moderna e escravismo histórico');
INSERT INTO criteria (id, year, mec_code, subject, description) VALUES (722, 7, 'EF07HI16', 'História', 'Dinâmicas de comércio de escravizados africanos');
INSERT INTO criteria (id, year, mec_code, subject, description) VALUES (723, 7, 'EF07HI17', 'História', 'Transição do mercantilismo ao capitalismo');
INSERT INTO criteria (id, year, mec_code, subject, description) VALUES (724, 8, 'EF08HI01', 'História', 'Iluminismo, liberalismo e mundo contemporâneo');
INSERT INTO criteria (id, year, mec_code, subject, description) VALUES (725, 8, 'EF08HI02', 'História', 'Inglaterra do século XVII e o pós-Revolução Gloriosa');
INSERT INTO criteria (id, year, mec_code, subject, description) VALUES (726, 8, 'EF08HI03', 'História', 'Revolução Industrial e seus impactos');
INSERT INTO criteria (id, year, mec_code, subject, description) VALUES (727, 8, 'EF08HI04', 'História', 'Revolução Francesa e seus impactos');
INSERT INTO criteria (id, year, mec_code, subject, description) VALUES (728, 8, 'EF08HI05', 'História', 'Rebeliões na América portuguesa');
INSERT INTO criteria (id, year, mec_code, subject, description) VALUES (729, 8, 'EF08HI06', 'História', 'Territorialidades político-administrativas: conceitos e conflitos');
INSERT INTO criteria (id, year, mec_code, subject, description) VALUES (730, 8, 'EF08HI07', 'História', 'Independências nas américas');
INSERT INTO criteria (id, year, mec_code, subject, description) VALUES (731, 8, 'EF08HI08', 'História', 'Líderes independentistas das revoluções hispano-americanas');
INSERT INTO criteria (id, year, mec_code, subject, description) VALUES (732, 8, 'EF08HI09', 'História', 'Pan-americanismo');
INSERT INTO criteria (id, year, mec_code, subject, description) VALUES (733, 8, 'EF08HI10', 'História', 'Revolução de São Domingo');
INSERT INTO criteria (id, year, mec_code, subject, description) VALUES (734, 8, 'EF08HI11', 'História', 'Grupos sociais e étnicos nas lutas independentistas');
INSERT INTO criteria (id, year, mec_code, subject, description) VALUES (735, 8, 'EF08HI12', 'História', 'Organização política e social no Brasil (1808-1822) e impactos');
INSERT INTO criteria (id, year, mec_code, subject, description) VALUES (736, 8, 'EF08HI13', 'História', 'Independências e governos adotados na América Latina');
INSERT INTO criteria (id, year, mec_code, subject, description) VALUES (737, 8, 'EF08HI14', 'História', 'Tutela dos grupos indígenas e participação negra no Brasil colonial');
INSERT INTO criteria (id, year, mec_code, subject, description) VALUES (738, 8, 'EF08HI15', 'História', 'Reinados no Brasil: Disputas políticas');
INSERT INTO criteria (id, year, mec_code, subject, description) VALUES (739, 8, 'EF08HI16', 'História', 'Reinados no Brasil: Rebeliões');
INSERT INTO criteria (id, year, mec_code, subject, description) VALUES (740, 8, 'EF08HI17', 'História', 'Brasil Império: Territórios e conflitos');
INSERT INTO criteria (id, year, mec_code, subject, description) VALUES (741, 8, 'EF08HI18', 'História', 'Brasil na Guerra do Paraguai');
INSERT INTO criteria (id, year, mec_code, subject, description) VALUES (742, 8, 'EF08HI19', 'História', 'O legado da escravidão nas américas');
INSERT INTO criteria (id, year, mec_code, subject, description) VALUES (743, 8, 'EF08HI20', 'História', 'Legado da escravidão no Brasil');
INSERT INTO criteria (id, year, mec_code, subject, description) VALUES (744, 8, 'EF08HI21', 'História', 'Brasil Império: Povos indígenas');
INSERT INTO criteria (id, year, mec_code, subject, description) VALUES (745, 8, 'EF08HI22', 'História', 'Formação da identidade brasileira por várias culturas');
INSERT INTO criteria (id, year, mec_code, subject, description) VALUES (746, 8, 'EF08HI23', 'História', 'Ideologias raciais e imperialismo europeu');
INSERT INTO criteria (id, year, mec_code, subject, description) VALUES (747, 8, 'EF08HI24', 'História', 'Utilização de produtos africanos pelos europeus e seus impactos');
INSERT INTO criteria (id, year, mec_code, subject, description) VALUES (748, 8, 'EF08HI25', 'História', 'EUA e América Latina no século XIX');
INSERT INTO criteria (id, year, mec_code, subject, description) VALUES (749, 8, 'EF08HI26', 'História', 'Resistência ao imperialismo na África e na Ásia');
INSERT INTO criteria (id, year, mec_code, subject, description) VALUES (750, 8, 'EF08HI27', 'História', 'Discursos civilizatórios: significados e impactos');
INSERT INTO criteria (id, year, mec_code, subject, description) VALUES (751, 9, 'EF09HI01', 'História', 'Emergência da República no Brasil');
INSERT INTO criteria (id, year, mec_code, subject, description) VALUES (752, 9, 'EF09HI02', 'História', 'Compreender a história republicana até 1954');
INSERT INTO criteria (id, year, mec_code, subject, description) VALUES (753, 9, 'EF09HI03', 'História', 'Inserção de negros na sociedade brasileira pós-abolição');
INSERT INTO criteria (id, year, mec_code, subject, description) VALUES (754, 9, 'EF09HI04', 'História', 'Importânica da população negra no Brasil');
INSERT INTO criteria (id, year, mec_code, subject, description) VALUES (755, 9, 'EF09HI05', 'História', 'Urbanização da sociedade brasileira e seus impactos');
INSERT INTO criteria (id, year, mec_code, subject, description) VALUES (756, 9, 'EF09HI06', 'História', 'Trabalhismo na sociedade brasileira');
INSERT INTO criteria (id, year, mec_code, subject, description) VALUES (757, 9, 'EF09HI07', 'História', 'A questão indígena durante a República (até 1964)');
INSERT INTO criteria (id, year, mec_code, subject, description) VALUES (758, 9, 'EF09HI08', 'História', 'Questões de diversidade no Brasil no século XX');
INSERT INTO criteria (id, year, mec_code, subject, description) VALUES (759, 9, 'EF09HI09', 'História', 'Movimentos sociais e conquistas de direitos');
INSERT INTO criteria (id, year, mec_code, subject, description) VALUES (760, 9, 'EF09HI10', 'História', 'Dinâmicas capitalistas, conflitos mundiais e crises');
INSERT INTO criteria (id, year, mec_code, subject, description) VALUES (761, 9, 'EF09HI11', 'História', 'Revolução Russa');
INSERT INTO criteria (id, year, mec_code, subject, description) VALUES (762, 9, 'EF09HI12', 'História', 'Crise de 1929');
INSERT INTO criteria (id, year, mec_code, subject, description) VALUES (763, 9, 'EF09HI13', 'História', 'Nazismo, fascismo, práticas de extermínio e totalitarismo');
INSERT INTO criteria (id, year, mec_code, subject, description) VALUES (764, 9, 'EF09HI14', 'História', 'Dinâmicas do colonialismo e resistência na África e Ásia');
INSERT INTO criteria (id, year, mec_code, subject, description) VALUES (765, 9, 'EF09HI15', 'História', 'Criação da ONU e seus propósitos');
INSERT INTO criteria (id, year, mec_code, subject, description) VALUES (766, 9, 'EF09HI16', 'História', 'Carta dos Direitos Humanos');
INSERT INTO criteria (id, year, mec_code, subject, description) VALUES (767, 9, 'EF09HI17', 'História', 'O Brasil a partir de 1946 e suas mudanças');
INSERT INTO criteria (id, year, mec_code, subject, description) VALUES (768, 9, 'EF09HI18', 'História', 'Transformações urbanas e impactos nas desigualdades e cultura brasileira (1946-1964)');
INSERT INTO criteria (id, year, mec_code, subject, description) VALUES (769, 9, 'EF09HI19', 'História', 'Emergência da ditadura no Brasil');
INSERT INTO criteria (id, year, mec_code, subject, description) VALUES (770, 9, 'EF09HI20', 'História', 'Resistência e propostas de reorganização social na ditadura brasileira');
INSERT INTO criteria (id, year, mec_code, subject, description) VALUES (771, 9, 'EF09HI21', 'História', 'Contestações indígenas e quilombolas à ditadura brasileira');
INSERT INTO criteria (id, year, mec_code, subject, description) VALUES (772, 9, 'EF09HI22', 'História', 'Sociedade brasileira do fim da ditadura à Constituição de 1988');
INSERT INTO criteria (id, year, mec_code, subject, description) VALUES (773, 9, 'EF09HI23', 'História', 'Constituição de 1988 e cidadania');
INSERT INTO criteria (id, year, mec_code, subject, description) VALUES (774, 9, 'EF09HI24', 'História', 'Mudanças geopolíticas pós-1989');
INSERT INTO criteria (id, year, mec_code, subject, description) VALUES (775, 9, 'EF09HI25', 'História', 'Sociedade brasileira civil após 1989');
INSERT INTO criteria (id, year, mec_code, subject, description) VALUES (776, 9, 'EF09HI26', 'História', 'Violência contra grupos marginalizados e combate');
INSERT INTO criteria (id, year, mec_code, subject, description) VALUES (777, 9, 'EF09HI27', 'História', 'Relações internacionais do Brasil na globalização');
INSERT INTO criteria (id, year, mec_code, subject, description) VALUES (778, 9, 'EF09HI28', 'História', 'Características principais da Guerra Fria');
INSERT INTO criteria (id, year, mec_code, subject, description) VALUES (779, 9, 'EF09HI29', 'História', 'Características das experiências ditatorias na América Latina');
INSERT INTO criteria (id, year, mec_code, subject, description) VALUES (780, 9, 'EF09HI30', 'História', 'Características dos regimes ditatoriais da América Latina');
INSERT INTO criteria (id, year, mec_code, subject, description) VALUES (781, 9, 'EF09HI31', 'História', 'Processos de descolonização na África e na Ásia');
INSERT INTO criteria (id, year, mec_code, subject, description) VALUES (782, 9, 'EF09HI32', 'História', 'Mudanças devido ao processo de globalização');
INSERT INTO criteria (id, year, mec_code, subject, description) VALUES (783, 9, 'EF09HI33', 'História', 'Transformações nas relações políticas devido a tecnologia');
INSERT INTO criteria (id, year, mec_code, subject, description) VALUES (784, 9, 'EF09HI34', 'História', 'Múltiplas políticas econômicas na América Latina');
INSERT INTO criteria (id, year, mec_code, subject, description) VALUES (785, 9, 'EF09HI35', 'História', 'Terrorimo na atualidade e seus impactos');
INSERT INTO criteria (id, year, mec_code, subject, description) VALUES (786, 9, 'EF09HI36', 'História', 'Diversidades identitárias e combate a preconceitos');
INSERT INTO criteria (id, year, mec_code, subject, description) VALUES (787, 6, 'EF06GE01', 'Geografia', 'Mudanças na paisagem local ao longo do tempo');
INSERT INTO criteria (id, year, mec_code, subject, description) VALUES (788, 6, 'EF06GE02', 'Geografia', 'Mudanças nas paisagens relaizadas por sociedades');
INSERT INTO criteria (id, year, mec_code, subject, description) VALUES (789, 6, 'EF06GE03', 'Geografia', 'Movimentos do planeta e seus impactos no clima');
INSERT INTO criteria (id, year, mec_code, subject, description) VALUES (790, 6, 'EF06GE04', 'Geografia', 'Ciclo da água no meio urbano e rural');
INSERT INTO criteria (id, year, mec_code, subject, description) VALUES (791, 6, 'EF06GE05', 'Geografia', 'Padrões climáticos, tipos de solo, relevo e formações vegetais');
INSERT INTO criteria (id, year, mec_code, subject, description) VALUES (792, 6, 'EF06GE06', 'Geografia', 'Impactos humanos na transformação das paisagens');
INSERT INTO criteria (id, year, mec_code, subject, description) VALUES (793, 6, 'EF06GE07', 'Geografia', 'Interação humana com a natureza a partir da urbanização');
INSERT INTO criteria (id, year, mec_code, subject, description) VALUES (794, 6, 'EF06GE08', 'Geografia', 'Distâncias reais por escalas de mapas');
INSERT INTO criteria (id, year, mec_code, subject, description) VALUES (795, 6, 'EF06GE09', 'Geografia', 'Formas de representação e pensamento espacial');
INSERT INTO criteria (id, year, mec_code, subject, description) VALUES (796, 6, 'EF06GE10', 'Geografia', 'Uso do solo e dos recursos hídricos');
INSERT INTO criteria (id, year, mec_code, subject, description) VALUES (797, 6, 'EF06GE11', 'Geografia', 'Diferentes sociedades com a natureza');
INSERT INTO criteria (id, year, mec_code, subject, description) VALUES (798, 6, 'EF06GE12', 'Geografia', 'Uso de recursos hidricos no Brasil e no mundo');
INSERT INTO criteria (id, year, mec_code, subject, description) VALUES (799, 6, 'EF06GE13', 'Geografia', 'Impactos humanos na dinâmica climática');
INSERT INTO criteria (id, year, mec_code, subject, description) VALUES (800, 7, 'EF07GE01', 'Geografia', 'Formação territorial do Brasil acerca das paisagens');
INSERT INTO criteria (id, year, mec_code, subject, description) VALUES (801, 7, 'EF07GE02', 'Geografia', 'Influências na formação socioeconômica e territorial do Brasil');
INSERT INTO criteria (id, year, mec_code, subject, description) VALUES (802, 7, 'EF07GE03', 'Geografia', 'Territorialidades dos povos indígenas originários');
INSERT INTO criteria (id, year, mec_code, subject, description) VALUES (803, 7, 'EF07GE04', 'Geografia', 'Distribuição territorial diversa brasileira');
INSERT INTO criteria (id, year, mec_code, subject, description) VALUES (804, 7, 'EF07GE05', 'Geografia', 'Fatos ocorridos entre o período mercantilista e o capitalismo');
INSERT INTO criteria (id, year, mec_code, subject, description) VALUES (805, 7, 'EF07GE06', 'Geografia', 'Impactos da produção, circulação e consumo de mercadorias');
INSERT INTO criteria (id, year, mec_code, subject, description) VALUES (806, 7, 'EF07GE07', 'Geografia', 'Redes de transporte e comunicação no Brasil');
INSERT INTO criteria (id, year, mec_code, subject, description) VALUES (807, 7, 'EF07GE08', 'Geografia', 'Industrialização e inovação tecnologica socieconomicas no Brasil');
INSERT INTO criteria (id, year, mec_code, subject, description) VALUES (808, 7, 'EF07GE09', 'Geografia', 'Mapas temáticos e históricos');
INSERT INTO criteria (id, year, mec_code, subject, description) VALUES (809, 7, 'EF07GE10', 'Geografia', 'Gráficos de dados socioeconômicos no Brasil');
INSERT INTO criteria (id, year, mec_code, subject, description) VALUES (810, 7, 'EF07GE11', 'Geografia', 'Dinamicas fisico-naturais biodiversidade no Brasil');
INSERT INTO criteria (id, year, mec_code, subject, description) VALUES (811, 7, 'EF07GE12', 'Geografia', 'Unidades de conservação e SNUC');
INSERT INTO criteria (id, year, mec_code, subject, description) VALUES (812, 8, 'EF08GE01', 'Geografia', 'Fluxos migratórios da história');
INSERT INTO criteria (id, year, mec_code, subject, description) VALUES (813, 8, 'EF08GE02', 'Geografia', 'Fatos históricos do local pertinente');
INSERT INTO criteria (id, year, mec_code, subject, description) VALUES (814, 8, 'EF08GE03', 'Geografia', 'Características de dinâmica demográfica');
INSERT INTO criteria (id, year, mec_code, subject, description) VALUES (815, 8, 'EF08GE04', 'Geografia', 'Fluxos de migração e suas politicas na América Latina');
INSERT INTO criteria (id, year, mec_code, subject, description) VALUES (816, 8, 'EF08GE05', 'Geografia', 'Governanças para o entendimento de conflitos atuais');
INSERT INTO criteria (id, year, mec_code, subject, description) VALUES (817, 8, 'EF08GE06', 'Geografia', 'Organizações mundiais com a cultura e economia');
INSERT INTO criteria (id, year, mec_code, subject, description) VALUES (818, 8, 'EF08GE07', 'Geografia', 'Impactos de ascensão dos lideres globais com o Brasil');
INSERT INTO criteria (id, year, mec_code, subject, description) VALUES (819, 8, 'EF08GE08', 'Geografia', 'Pós-guerra na América e na África');
INSERT INTO criteria (id, year, mec_code, subject, description) VALUES (820, 8, 'EF08GE09', 'Geografia', 'Economia de produção e intercâmbio de produtos no BRICS');
INSERT INTO criteria (id, year, mec_code, subject, description) VALUES (821, 8, 'EF08GE10', 'Geografia', 'Conflitos e ações dos movimentos sociais brasileiros');
INSERT INTO criteria (id, year, mec_code, subject, description) VALUES (822, 8, 'EF08GE11', 'Geografia', 'Áreas de conflito latino-americanos e orgãos internacionais');
INSERT INTO criteria (id, year, mec_code, subject, description) VALUES (823, 8, 'EF08GE12', 'Geografia', 'Importância dos blocos econômicas');
INSERT INTO criteria (id, year, mec_code, subject, description) VALUES (824, 8, 'EF08GE13', 'Geografia', 'Tipos de trabalho e desenvolvimento cientifico');
INSERT INTO criteria (id, year, mec_code, subject, description) VALUES (825, 8, 'EF08GE14', 'Geografia', 'Atividades econômicas na perspectiva estadunidense e chinesa');
INSERT INTO criteria (id, year, mec_code, subject, description) VALUES (826, 8, 'EF08GE15', 'Geografia', 'Importância dos recursos hídricos da latino-americanos');
INSERT INTO criteria (id, year, mec_code, subject, description) VALUES (827, 8, 'EF08GE16', 'Geografia', 'Problemas sociais em zonas de risco na América Latina');
INSERT INTO criteria (id, year, mec_code, subject, description) VALUES (828, 8, 'EF08GE17', 'Geografia', 'Problemas sociais urbanos da América Latina');
INSERT INTO criteria (id, year, mec_code, subject, description) VALUES (829, 8, 'EF08GE18', 'Geografia', 'Mapas e representações cartográficas da Afroamérica');
INSERT INTO criteria (id, year, mec_code, subject, description) VALUES (830, 8, 'EF08GE19', 'Geografia', 'América e África: anamorfose e cartografia');
INSERT INTO criteria (id, year, mec_code, subject, description) VALUES (831, 8, 'EF08GE20', 'Geografia', 'Características da América e da África');
INSERT INTO criteria (id, year, mec_code, subject, description) VALUES (832, 8, 'EF08GE21', 'Geografia', 'Antértica: ambiente e território');
INSERT INTO criteria (id, year, mec_code, subject, description) VALUES (833, 8, 'EF08GE22', 'Geografia', 'Recursos naturais na América Latina');
INSERT INTO criteria (id, year, mec_code, subject, description) VALUES (834, 8, 'EF08GE23', 'Geografia', 'América Latina: geomorfologia, climatologia e cartografia');
INSERT INTO criteria (id, year, mec_code, subject, description) VALUES (835, 8, 'EF08GE24', 'Geografia', 'Características produtivas latino-americanas');
INSERT INTO criteria (id, year, mec_code, subject, description) VALUES (836, 9, 'EF09GE01', 'Geografia', 'Imposição da hegemonia europeia no planeta');
INSERT INTO criteria (id, year, mec_code, subject, description) VALUES (837, 9, 'EF09GE02', 'Geografia', 'Organizações econômicas na vida da população');
INSERT INTO criteria (id, year, mec_code, subject, description) VALUES (838, 9, 'EF09GE03', 'Geografia', 'Manifestações culturais de minorias étnicas');
INSERT INTO criteria (id, year, mec_code, subject, description) VALUES (839, 9, 'EF09GE04', 'Geografia', 'Interculturalidades na Eurásia');
INSERT INTO criteria (id, year, mec_code, subject, description) VALUES (840, 9, 'EF09GE05', 'Geografia', 'Geopolítica no mundo globalizado');
INSERT INTO criteria (id, year, mec_code, subject, description) VALUES (841, 9, 'EF09GE06', 'Geografia', 'Divisão ocidente e oriente no sistema colonial');
INSERT INTO criteria (id, year, mec_code, subject, description) VALUES (842, 9, 'EF09GE07', 'Geografia', 'Divisão da Eurásia: elementos físicos e históricos');
INSERT INTO criteria (id, year, mec_code, subject, description) VALUES (843, 9, 'EF09GE08', 'Geografia', 'Transformações territoriais da Eurásia');
INSERT INTO criteria (id, year, mec_code, subject, description) VALUES (844, 9, 'EF09GE09', 'Geografia', 'Características dos países da Eurásia');
INSERT INTO criteria (id, year, mec_code, subject, description) VALUES (845, 9, 'EF09GE10', 'Geografia', 'Processo de industrialização nos países do leste');
INSERT INTO criteria (id, year, mec_code, subject, description) VALUES (846, 9, 'EF09GE11', 'Geografia', 'Mudanças industriais globais e trabalho no Brasil');
INSERT INTO criteria (id, year, mec_code, subject, description) VALUES (847, 9, 'EF09GE12', 'Geografia', 'Urbanização e transformações econômicas');
INSERT INTO criteria (id, year, mec_code, subject, description) VALUES (848, 9, 'EF09GE13', 'Geografia', 'Produção agropecuária e desigualdade alimentar');
INSERT INTO criteria (id, year, mec_code, subject, description) VALUES (849, 9, 'EF09GE14', 'Geografia', 'Gráficos e mapas para análise sociopolítica');
INSERT INTO criteria (id, year, mec_code, subject, description) VALUES (850, 9, 'EF09GE15', 'Geografia', 'Comparar regiões com informações cartográficas');
INSERT INTO criteria (id, year, mec_code, subject, description) VALUES (851, 9, 'EF09GE16', 'Geografia', 'Comparar domínios morfoclimáticos continentais');
INSERT INTO criteria (id, year, mec_code, subject, description) VALUES (852, 9, 'EF09GE17', 'Geografia', 'Características físicas e ocupação continental');
INSERT INTO criteria (id, year, mec_code, subject, description) VALUES (853, 9, 'EF09GE18', 'Geografia', 'Cadeias industriais, recursos naturais');
INSERT INTO criteria (id, year, mec_code, subject, description) VALUES (854, 6, 'EF06MA04', 'Matemática', 'Fluxograma de resolução simples');
INSERT INTO criteria (id, year, mec_code, subject, description) VALUES (855, 6, 'EF06MA19', 'Matemática', 'Classificação de triângulos');
INSERT INTO criteria (id, year, mec_code, subject, description) VALUES (856, 7, 'EF07MA32', 'Matemática', 'Equivalência de área de figuras planas');
INSERT INTO criteria (id, year, mec_code, subject, description) VALUES (857, 7, 'EF07MA33', 'Matemática', 'Comprimento da circunferência');
INSERT INTO criteria (id, year, mec_code, subject, description) VALUES (858, 7, 'EF07MA34', 'Matemática', 'Probabilidade e frequência de ocorrências');
INSERT INTO criteria (id, year, mec_code, subject, description) VALUES (859, 7, 'EF07MA35', 'Matemática', 'Média e amplitude');
INSERT INTO criteria (id, year, mec_code, subject, description) VALUES (860, 7, 'EF07MA36', 'Matemática', 'Planejar pesquisa amostral e censitária');
INSERT INTO criteria (id, year, mec_code, subject, description) VALUES (861, 7, 'EF07MA37', 'Matemática', 'Gráfico de setores');
INSERT INTO criteria (id, year, mec_code, subject, description) VALUES (862, 8, 'EF08MA25', 'Matemática', 'Medidas de tendência central e dispersão');
INSERT INTO criteria (id, year, mec_code, subject, description) VALUES (863, 8, 'EF08MA26', 'Matemática', 'Tipos de pesquisas e pertinência');
INSERT INTO criteria (id, year, mec_code, subject, description) VALUES (864, 8, 'EF08MA27', 'Matemática', 'Pesquisa amostral e censitária');
INSERT INTO criteria (id, year, mec_code, subject, description) VALUES (865, 9, 'EF09MA23', 'Matemática', 'Execução de pesquisa amostral');
INSERT INTO criteria (id, year, mec_code, subject, description) VALUES (866, 9, 'EF09MA00', 'Matemática', 'Resolução de Problemas');
INSERT INTO criteria (id, year, mec_code, subject, description) VALUES (868, 6, 'EF06MA00', 'Matemática', 'Resolução de Problemas');
INSERT INTO criteria (id, year, mec_code, subject, description) VALUES (869, 7, 'EF07MA00', 'Matemática', 'Resolução de Problemas');
INSERT INTO criteria (id, year, mec_code, subject, description) VALUES (870, 8, 'EF08MA00', 'Matemática', 'Resolução de Problemas');

-- Questions
INSERT INTO questions (id, content, activity_id, criterium_id, max_grade_percent) VALUES (1, 'Questão 1', 1, 1, 100);
INSERT INTO questions (id, content, activity_id, criterium_id, max_grade_percent) VALUES (2, 'Questão 2', 1, 2, 100);
INSERT INTO questions (id, content, activity_id, criterium_id, max_grade_percent) VALUES (3, 'Questão 3', 1, 3, 100);
INSERT INTO questions (id, content, activity_id, criterium_id, max_grade_percent) VALUES (4, 'Questão 4', 1, 4, 100);
INSERT INTO questions (id, content, activity_id, criterium_id, max_grade_percent) VALUES (5, 'Questão 5', 1, 5, 100);
INSERT INTO questions (id, content, activity_id, criterium_id, max_grade_percent) VALUES (6, 'Questão 1', 2, 260, 40);
INSERT INTO questions (id, content, activity_id, criterium_id, max_grade_percent) VALUES (7, 'Questão 2', 2, 261, 40);
INSERT INTO questions (id, content, activity_id, criterium_id, max_grade_percent) VALUES (8, 'Questão 3', 2, 262, 30);
INSERT INTO questions (id, content, activity_id, criterium_id, max_grade_percent) VALUES (9, 'Questão 4', 2, 263, 5);
INSERT INTO questions (id, content, activity_id, criterium_id, max_grade_percent) VALUES (10, 'Questão 5', 2, 264, 70);
INSERT INTO questions (id, content, activity_id, criterium_id, max_grade_percent) VALUES (11, 'Questão 6', 2, 265, 20);

-- Grades
INSERT INTO grades (id, question_id, student_id, grade_percent) VALUES (1,1,1,100);
INSERT INTO grades (id, question_id, student_id, grade_percent) VALUES (2,1,2,100);
INSERT INTO grades (id, question_id, student_id, grade_percent) VALUES (3,1,3,100);
INSERT INTO grades (id, question_id, student_id, grade_percent) VALUES (4,2,1,90);
INSERT INTO grades (id, question_id, student_id, grade_percent) VALUES (5,2,2,70);
INSERT INTO grades (id, question_id, student_id, grade_percent) VALUES (6,2,3,90);
INSERT INTO grades (id, question_id, student_id, grade_percent) VALUES (7,3,1,90);
INSERT INTO grades (id, question_id, student_id, grade_percent) VALUES (8,3,2,90);
INSERT INTO grades (id, question_id, student_id, grade_percent) VALUES (9,3,3,80);
INSERT INTO grades (id, question_id, student_id, grade_percent) VALUES (10,4,1,50);
INSERT INTO grades (id, question_id, student_id, grade_percent) VALUES (11,4,2,40);
INSERT INTO grades (id, question_id, student_id, grade_percent) VALUES (12,4,3,10);
INSERT INTO grades (id, question_id, student_id, grade_percent) VALUES (13,5,1,70);
INSERT INTO grades (id, question_id, student_id, grade_percent) VALUES (14,5,2,80);
INSERT INTO grades (id, question_id, student_id, grade_percent) VALUES (15,5,3,60);
INSERT INTO grades (id, question_id, student_id, grade_percent) VALUES (16,6,4,20);
INSERT INTO grades (id, question_id, student_id, grade_percent) VALUES (17,6,5,39);
INSERT INTO grades (id, question_id, student_id, grade_percent) VALUES (18,6,6,30);
INSERT INTO grades (id, question_id, student_id, grade_percent) VALUES (19,7,4,38);
INSERT INTO grades (id, question_id, student_id, grade_percent) VALUES (20,7,5,14);
INSERT INTO grades (id, question_id, student_id, grade_percent) VALUES (21,7,6,17);
INSERT INTO grades (id, question_id, student_id, grade_percent) VALUES (22,8,4,20);
INSERT INTO grades (id, question_id, student_id, grade_percent) VALUES (23,8,5,10);
INSERT INTO grades (id, question_id, student_id, grade_percent) VALUES (24,8,6,3);
INSERT INTO grades (id, question_id, student_id, grade_percent) VALUES (25,9,4,4);
INSERT INTO grades (id, question_id, student_id, grade_percent) VALUES (26,9,5,5);
INSERT INTO grades (id, question_id, student_id, grade_percent) VALUES (27,9,6,4);
INSERT INTO grades (id, question_id, student_id, grade_percent) VALUES (28,10,4,50);
INSERT INTO grades (id, question_id, student_id, grade_percent) VALUES (29,10,5,60);
INSERT INTO grades (id, question_id, student_id, grade_percent) VALUES (30,10,6,63);
INSERT INTO grades (id, question_id, student_id, grade_percent) VALUES (31,11,4,17);
INSERT INTO grades (id, question_id, student_id, grade_percent) VALUES (32,11,5,13);
INSERT INTO grades (id, question_id, student_id, grade_percent) VALUES (33,11,6,15);
INSERT INTO grades (id, question_id, student_id, grade_percent) VALUES (34,6,7,23);
INSERT INTO grades (id, question_id, student_id, grade_percent) VALUES (35,6,8,12);
INSERT INTO grades (id, question_id, student_id, grade_percent) VALUES (36,6,9,26);
INSERT INTO grades (id, question_id, student_id, grade_percent) VALUES (37,7,7,30);
INSERT INTO grades (id, question_id, student_id, grade_percent) VALUES (38,7,8,27);
INSERT INTO grades (id, question_id, student_id, grade_percent) VALUES (39,7,9,33);
INSERT INTO grades (id, question_id, student_id, grade_percent) VALUES (40,8,7,15);
INSERT INTO grades (id, question_id, student_id, grade_percent) VALUES (41,8,8,28);
INSERT INTO grades (id, question_id, student_id, grade_percent) VALUES (42,8,9,23);
INSERT INTO grades (id, question_id, student_id, grade_percent) VALUES (43,9,7,1);
INSERT INTO grades (id, question_id, student_id, grade_percent) VALUES (44,9,8,5);
INSERT INTO grades (id, question_id, student_id, grade_percent) VALUES (45,9,9,4);
INSERT INTO grades (id, question_id, student_id, grade_percent) VALUES (46,10,7,32);
INSERT INTO grades (id, question_id, student_id, grade_percent) VALUES (47,10,8,56);
INSERT INTO grades (id, question_id, student_id, grade_percent) VALUES (48,10,9,49);
INSERT INTO grades (id, question_id, student_id, grade_percent) VALUES (49,11,7,19);
INSERT INTO grades (id, question_id, student_id, grade_percent) VALUES (50,11,8,8);
INSERT INTO grades (id, question_id, student_id, grade_percent) VALUES (51,11,9,20);


COMMIT;
